"Réseau	";Liste des typologies;Code sp+ indicateur; Intitulé original de l'indicateur;Intitulé usager de l'indicateur;Type d'indicateur;Type d'Unité;Unité;Type de graphe;Type de graphe évolution;Affichage;Date de mise à jour
CAISSE NATIONALE MILITAIRE DE SECURITE SOCIALE;CAISSE NATIONALE MILITAIRE DE SECURITE SOCIALE;IND-26;Taux de satisfaction globale des bénéficiaires;Taux de satisfaction globale des bénéficiaires;satisfaction;Taux;%;Unique Valeur;Evolution;Oui;mer 23/02/2022 - 14:51
Ministère de l'Agriculture et de l'Alimentation;Institut Français du Cheval et de l'Equitation (IFCE);IND-58;Taux de satisfaction lié à l'accueil téléphonique;Taux de satisfaction lié à l'accueil téléphonique;satisfaction;Taux;%;Unique Valeur;Evolution;Oui;mer 23/02/2022 - 14:51
Ministère de l'Agriculture et de l'Alimentation;Etablissement d'enseignement technique agricole;IND-74;Taux d'insertion professionnelle à 33 mois pour le Bac professionnel;Taux d'insertion professionnelle à 33 mois pour le Bac professionnel;performance;Taux;%;Unique Valeur;Evolution;Oui;mer 23/02/2022 - 14:51
Etablissement Français du Sang;Etablissement Français du Sang, ETS;IND-90;Note de satisfaction du délai d’attente - sites fixes;Satisfaction du délai d’attente avant le don;satisfaction;Note;10;Multi Barres;Evolution;Oui;mer 23/02/2022 - 14:51
CNAF;CAF, CNAF;IND-122;Taux de satisfaction globale des échanges de courriels;Taux de satisfaction relatif aux échanges de courriels;satisfaction;Taux;%;Multi Barres;Evolution;Oui;mer 23/02/2022 - 14:51
CCMSA;MSA, CCMSA;IND-202;Vous êtes x% à percevoir vos prestations familiales le mois suivant l'ouverture de vos droits;Taux d’usagers percevant leurs prestations dans le mois suivant l’ouverture des droits;performance;Taux;%;Multi Barres;Evolution;Oui;mer 23/02/2022 - 14:51
MTE-MCTRCT;Prime à la conversion;IND-218;Part de véhicules d'occasion parmi les primes payées;Part de véhicules d'occasion parmi les primes payées;performance;Taux;%;Unique Valeur;Evolution;Oui;mer 23/02/2022 - 14:51
URSSAF;Caisse régionale URSSAF, Centre national CESU, Centre national PAJEMPLOI, URSSAF;IND-250;Taux d'appels ayant donné lieu à une conversation téléphonique;Taux d'appels téléphoniques aboutis;performance;Taux;%;Multi Barres;Evolution;Oui;mer 23/02/2022 - 14:51
DGCCRF;SignalConso;IND-27;Taux de satisfaction des usagers vis-à-vis de la plateforme numérique SignalConso;Taux de satisfaction des usagers vis-à-vis de la plateforme numérique SignalConso;performance;Taux;%;Unique Valeur;Evolution;Oui;mer 23/02/2022 - 14:51
Ministère de l'Agriculture et de l'Alimentation;Institut Français du Cheval et de l'Equitation (IFCE);IND-59;Taux d'emploi post-formation;Taux d'emploi post-formation;performance;Taux;%;Unique Valeur;Evolution;Oui;mer 23/02/2022 - 14:51
Ministère de l'Agriculture et de l'Alimentation;Etablissement d'enseignement technique agricole;IND-75;Taux d'insertion professionnelle à 33 mois pour le Certificat d'aptitude professionnel agricole (CAPA);Taux d'insertion professionnelle à 33 mois pour le CAPA;performance;Taux;%;Unique Valeur;Evolution;Oui;mer 23/02/2022 - 14:51
Etablissement Français du Sang;Etablissement Français du Sang, ETS, Ensemble des collectes mobiles de l'ETS;IND-91;Note de satisfaction du délai d’attente - sites mobiles;Satisfaction du délai d’attente avant le don;satisfaction;Note;10;Multi Barres;Evolution;Oui;mer 23/02/2022 - 14:51
Ministère de la Justice;TRIBUNAL JUDICIAIRE;IND-171;Délai d'attente (satisfaction);Taux de satisfaction relatif au délai d'attente;satisfaction;Taux;%;Multi Barres;Evolution;Oui;mer 23/02/2022 - 14:51
MTE-MCTRCT;ADEME;IND-203;Taux de satisfaction globale des bénéficiaires professionnels des actions de l'ADEME;Taux de satisfaction globale des bénéficiaires professionnels des actions de l'ADEME;satisfaction;Note;10;Unique Valeur;Evolution;Oui;mer 23/02/2022 - 14:51
MTE-MCTRCT;Inscription au registre des transports routiers;IND-235;Part des demandes avec une première réponse dans les 30 jours;Part des demandes avec une première réponse dans les 30 jours;performance;Taux;%;Unique Valeur;Evolution;Oui;mer 23/02/2022 - 14:51
Ministère de la Justice;Casier judiciaire national;IND-283;Taux de satisfaction relatif à la réponse reçue par courriel;Taux de satisfaction relatif à la réponse reçue par courriel;satisfaction;Taux;%;Unique Valeur;Evolution;Oui;mer 23/02/2022 - 14:51
DGCCRF;SignalConso;IND-28;Taux de satisfaction des professionnels vis-à-vis des télé-procédures;Taux de satisfaction des professionnels vis-à-vis des télé-procédures;performance;Taux;%;Unique Valeur;Evolution;Oui;mer 23/02/2022 - 14:51
Ministère de l'Agriculture et de l'Alimentation;Institut Français du Cheval et de l'Equitation (IFCE);IND-60;Taux de satisfaction lié aux formations longues;Taux de satisfaction lié aux formations longues;satisfaction;Taux;%;Unique Valeur;Evolution;Oui;mer 23/02/2022 - 14:51
Ministère de l'Agriculture et de l'Alimentation;Etablissement d'enseignement technique agricole;IND-76;Taux de mention à l'examen pour Bac Professionnel;Taux de mention à l'examen pour Bac Professionnel;performance;Taux;%;Unique Valeur;Evolution;Oui;mer 23/02/2022 - 14:51
Etablissement Français du Sang;ETS, Ensemble des collectes mobiles de l'ETS, Maison du don, Etablissement Français du Sang;IND-92;Note de satisfaction Globale;Satisfaction globale quant au dernier don de sang;satisfaction;Note;10;Multi Barres;Evolution;Oui;mer 23/02/2022 - 14:51
DGFIP;Service des Impôts des particuliers, Service des Impôts des particuliers et des entreprises, DGFIP;IND-108;Taux de satisfaction globale (tous canaux confondus);Taux de satisfaction globale des usagers;satisfaction;Taux;%;Multi Barres;Evolution;Oui;mer 23/02/2022 - 14:51
Ministère de la Culture;Musées nationaux et assimilés;IND-140;Taux d'ouverture des salles;Taux d'ouverture des salles;performance;Taux;%;Multi Barres;Evolution;Oui;mer 23/02/2022 - 14:51
CNAM;CPAM, CNAM;IND-188;Taux de satisfaction relatif à la qualité de l'accueil téléphonique;Taux de satisfaction relatif à la qualité de l'accueil téléphonique;satisfaction;Taux;%;Multi Barres;Evolution;Oui;mer 23/02/2022 - 14:51
MTE-MCTRCT;ADEME;IND-204;Taux de satisfaction globale des bénéficiaires grand public des actions de l'ADEME;Taux de satisfaction globale des bénéficiaires grand public des actions de l'ADEME;satisfaction;Note;10;Unique Valeur;Evolution;Oui;mer 23/02/2022 - 14:51
Universités et écoles;Université, Ecole, Universités et écoles;IND-268;Taux d'insertion professionnelle à 18 mois des diplômés 2016 de licence - Lettres-Langues-Arts;Taux d'insertion professionnelle des diplômés 2016 de licence - Lettres-Langues-Arts;performance;Taux;%;Unique Valeur;Evolution;Oui;mer 23/02/2022 - 14:51
CNAV;Carsat, CGSS RETRAITE, Assurance retraite Ile de France, CNAV;IND-13;Taux de satisfaction globale concernant la demande de retraite;Taux de satisfaction globale des usagers;satisfaction;Taux;%;Multi Barres;Evolution;Oui;mer 23/02/2022 - 14:51
DGCCRF;SignalConso;IND-29;Taux de satisfaction des professionnels vis-à-vis de la télé-procédure téléfel;Taux de satisfaction des professionnels vis-à-vis de la télé-procédure téléfel;performance;Taux;%;Unique Valeur;Evolution;Oui;mer 23/02/2022 - 14:51
Ministère de l'Agriculture et de l'Alimentation;Institut Français du Cheval et de l'Equitation (IFCE);IND-61;Taux de satisfaction lié aux formations courtes;Taux de satisfaction lié aux formations courtes;satisfaction;Taux;%;Unique Valeur;Evolution;Oui;mer 23/02/2022 - 14:51
Ministère de l'Agriculture et de l'Alimentation;Etablissement d'enseignement technique agricole;IND-77;Taux de mention à l'examen du Bac Technologique;Taux de mention à l'examen du Bac Technologique;performance;Taux;%;Unique Valeur;Evolution;Oui;mer 23/02/2022 - 14:51
Etablissement Français du Sang;Etablissement Français du Sang, ETS;IND-93;Note de satisfaction Globale - Ensemble des donneurs (sites mobiles+sites fixes);Satisfaction globale quant au dernier don de sang;satisfaction;Note;10;Multi Barres;Evolution;Oui;mer 23/02/2022 - 14:51
DGFIP;Service des Impôts des particuliers, Service des Impôts des particuliers et des entreprises, DGFIP;IND-109;Taux de satisfaction relatif aux services en ligne;Taux de satisfaction relatif aux services en ligne;satisfaction;Taux;%;Multi Barres;Evolution;Oui;mer 23/02/2022 - 14:51
CNAF;CAF, CNAF;IND-125;Taux de satisfaction qualité de service globale;Taux de satisfaction relatif au service globale;satisfaction;Taux;%;Multi Barres;Evolution;Oui;mer 23/02/2022 - 14:51
Ministère de la Justice;Direction de la protection judiciaire de la jeunesse;IND-285;Accueil attentif et courtois - questionnaire jeunes - Secteur Public;Taux de satisfaction des jeunes sur la qualité de l'accueil;satisfaction;Taux;%;Unique Valeur;Evolution;Oui;mer 23/02/2022 - 14:51
DGCCRF;SignalConso;IND-30;Taux de satisfaction des professionnels vis-à-vis de la télé-procédure téléicare;Taux de satisfaction des professionnels vis-à-vis de la télé-procédure téléicare;performance;Taux;%;Unique Valeur;Evolution;Oui;mer 23/02/2022 - 14:51
Ministère de l'Agriculture et de l'Alimentation;Institut Français du Cheval et de l'Equitation (IFCE);IND-62;Taux de satisfaction lié au site internet Equipedia;Taux de satisfaction lié au site internet Equipedia;satisfaction;Taux;%;Unique Valeur;Evolution;Oui;mer 23/02/2022 - 14:51
Ministère de l'Agriculture et de l'Alimentation;Etablissement d'enseignement technique agricole;IND-78;Taux de mention à l'examen du Brevet de technicien supérieur agricole (BTSA);Taux de mention à l'examen du Brevet de technicien supérieur agricole (BTSA);performance;Taux;%;Unique Valeur;Evolution;Oui;mer 23/02/2022 - 14:51
DGDDI;DGDDI;IND-142;Pouvez-vous préciser votre niveau de satisfaction concernant l’engagement suivant : nous assurons la lisibilité des informations disponibles sur nos publications et notre site internet;Taux de satisfaction relatif à la lisibilité des informations (publications et site);satisfaction;Taux;%;Unique Valeur;Evolution;Oui;mer 23/02/2022 - 14:51
CNAM;CPAM, CNAM;IND-190;Taux de traitement d'une réclamation en moins de 10 jours;Taux de traitement d'une réclamation en moins de 10 jours;performance;Taux;%;Multi Barres;Evolution;Oui;mer 23/02/2022 - 14:51
MTE-MCTRCT;ADEME;IND-206;Part des paiements des aides de l'ADEME respectant l’objectif de paiement de 60 jours;Part des paiements des aides de l'ADEME respectant l’objectif de paiement de 60 jours;performance;Taux;%;Unique Valeur;Evolution;Oui;mer 23/02/2022 - 14:51
MTE-MCTRCT;Prime à la conversion;IND-222;Taux d'éligibilité des demandes;Taux d'éligibilité des demandes;performance;Taux;%;Unique Valeur;Evolution;Oui;mer 23/02/2022 - 14:51
Ministère de la Justice;Direction de la protection judiciaire de la jeunesse;IND-286;Accueil attentif et courtois - questionnaire familles - Secteur Public;Taux de satisfaction des responsables légaux sur la qualité de l'accueil;satisfaction;Taux;%;Unique Valeur;Evolution;Oui;mer 23/02/2022 - 14:51
DGCCRF;ReponseConso, SignalConso, DGCCRF;IND-31;Proportion des télé-procédures telecertex traités en moins de 10 jours;Proportion des télé-procédures telecertex traités en moins de 10 jours;performance;Taux;%;Unique Valeur;Evolution;Oui;mer 23/02/2022 - 14:51
Ministère de l'Agriculture et de l'Alimentation;Telepac;IND-63;Taux d'appels décrochés;Taux d'appels décrochés;performance;Taux;%;Unique Valeur;Evolution;Oui;mer 23/02/2022 - 14:51
Ministère de l'Agriculture et de l'Alimentation;Etablissement d'enseignement technique agricole;IND-79;Taux de mention à l'examen du Certificat d'aptitude professionnel agricole (CAPA);Taux de mention à l'examen du Certificat d'aptitude professionnel agricole (CAPA);performance;Taux;%;Unique Valeur;Evolution;Oui;mer 23/02/2022 - 14:51
DGFIP;Service des Impôts des entreprises, Service des Impôts des particuliers et des entreprises, DGFIP;IND-111;Taux de demandes de restitution de trop perçu d’impôt sur les sociétés ayant reçu une suite favorable traitées dans un délai de 30 jours;Tx de demandes de restitution de trop perçu d’IS avec réponse favorable traitées en 30j;performance;Taux;%;Multi Barres;Evolution;Oui;mer 23/02/2022 - 14:51
France services;Structure France services, France services;IND-127;Taux de recommandation;Taux de recommandation;satisfaction;Taux;%;Multi Barres;Evolution;Oui;mer 23/02/2022 - 14:51
DGDDI;DGDDI;IND-143;Quel est votre niveau global de satisfaction vis à vis de l’ensemble de nos services ?;Taux de satisfaction globale;satisfaction;Taux;%;Unique Valeur;Evolution;Oui;mer 23/02/2022 - 14:51
MTE-MCTRCT;ANAH;IND-207;Taux de satisfaction globale des Propriétaires occupants - Demande de subvention pour travaux;Taux de satisfaction des Propriétaires occupants - Demande de subvention pour travaux;satisfaction;Note;10;Unique Valeur;Evolution;Oui;mer 23/02/2022 - 14:51
Ministère de l'Agriculture et de l'Alimentation;Ministère de l'Agriculture et de l'Alimentation;IND-32;Délai de réponse aux saisies par voie électronique de l'administration;Part des demandes par voie électronique ayant reçu une 1ère réponse sous 10 jours;performance;Taux;%;Unique Valeur;Evolution;Oui;mer 23/02/2022 - 14:51
DGFIP;Service des Impôts des entreprises, Service des Impôts des particuliers et des entreprises, DGFIP;IND-112;Taux de messages électroniques ayant reçu une réponse dans un délai d’une semaine;Taux de messages électroniques ayant reçu une réponse dans un délai d’une semaine;performance;Taux;%;Multi Barres;Evolution;Oui;mer 23/02/2022 - 14:51
France services;Structure France services, France services;IND-128;Taux de satisfaction globale;Taux de satisfaction globale;satisfaction;Taux;%;Multi Barres;Evolution;Oui;mer 23/02/2022 - 14:51
DGDDI;Direction régionale DR, DGDDI, Direction interrégionale DI;IND-144;Si vous avez bénéficié de conseils, quel a été votre niveau de satisfaction par rapport à la qualité de l’information diffusée par les cellules conseil aux entreprises ?;Satisfaction quant aux informations fournies par les cellules conseil aux entreprises;satisfaction;Taux;%;Multi Barres;Evolution;Oui;mer 23/02/2022 - 14:51
MTE-MCTRCT;ANAH;IND-208;Taux de satisfaction des bénéficiaires de MaPrimeRénov’;Taux de satisfaction des bénéficiaires de MaPrimeRénov’;satisfaction;Taux;%;Unique Valeur;Evolution;Oui;mer 23/02/2022 - 14:51
Ministère de la Justice;Direction de la protection judiciaire de la jeunesse;IND-288;Disponibilités des professionnels - questionnaire familles - Secteur Public;Taux de satisfaction des responsables légaux quant à la disponiblité des professionnels;satisfaction;Taux;%;Unique Valeur;Evolution;Oui;mer 23/02/2022 - 14:51
INSEE;INSEE;IND-1;Pertinence de l'Insee du point de vue des utilisateurs du site Insee.fr;Pertinence de l'Insee du point de vue des utilisateurs du site Insee.fr;satisfaction;Taux;%;Unique Valeur;Evolution;Oui;mer 23/02/2022 - 14:51
Ministère de l'Agriculture et de l'Alimentation;Site de démarches en ligne du MAA;IND-33;Fréquence d'actualisation de l'information sur le portail Internet dédié aux démarches administratives du MAA;Part des informations actualisées sur le site « mesdémarches »;performance;Taux;%;Unique Valeur;Evolution;Oui;mer 23/02/2022 - 14:51
Ministère de l'Agriculture et de l'Alimentation;Telepac;IND-65;Taux de satisfaction relatif à la demande d'aide aux surfaces;Taux de satisfaction relatif à la demande d'aide aux surfaces;satisfaction;Taux;%;Unique Valeur;Evolution;Oui;mer 23/02/2022 - 14:51
Etablissement Français du Sang;Etablissement Français du Sang;IND-81;Note de satisfaction de la pertinence des informations sur le site internet - Ensemble des donneurs (sites mobiles+sites fixes);Satisfaction de la pertinence des informations mises à disposition sur le site internet;satisfaction;Note;10;Unique Valeur;Evolution;Oui;mer 23/02/2022 - 14:51
DGDDI;DGDDI;IND-145;Taux d’effort déployé par les opérateurs pour réaliser leurs formalités en ligne (1=très facile, 5=très difficile);Taux d’effort déployé par les opérateurs pour réaliser leurs formalités en ligne;performance;Note;5;Unique Valeur;Evolution;Oui;mer 23/02/2022 - 14:51
MTE-MCTRCT;Crit'air;IND-209;Satisfaction globale du site;Satisfaction globale du site;satisfaction;Taux;%;Unique Valeur;Evolution;Oui;mer 23/02/2022 - 14:51
POLE EMPLOI;DR POLE EMPLOI, DT POLE EMPLOI, AGENCE POLE EMPLOI (APE), AGENCE RELAIS POLE EMPLOI (RPE), AGENCE SPECIALISEE POLE EMPLOI (APES), DTD POLE EMPLOI, PFP POLE EMPLOI, DTC POLE EMPLOI, POLE EMPLOI;IND-241;Taux de premiers paiements dans les délais;Taux d'obtention d'un 1er paiement dans les délais;performance;Taux;%;Multi Barres;Evolution;Oui;mer 23/02/2022 - 14:51
INSEE;INSEE;IND-2;Taux de succès des recherches d'information sur le site Insee.fr;Taux de succès des recherches d'information sur le site Insee.fr;performance;Taux;%;Unique Valeur;Evolution;Oui;mer 23/02/2022 - 14:51
Ministère de l'Agriculture et de l'Alimentation;Ministère de l'Agriculture et de l'Alimentation;IND-34;Part des services en ligne proposant un accompagnement personnalisé;Part de nos démarches en lignes qui prévoient une assistance;performance;Taux;%;Unique Valeur;Evolution;Oui;mer 23/02/2022 - 14:51
Ministère de l'Agriculture et de l'Alimentation;Telepac;IND-66;Taux de satisfaction relatif à la demande d'aide aux bovins alaitants et laitiers;Taux de satisfaction relatif à la demande d'aide aux bovins alaitants et laitiers;satisfaction;Taux;%;Unique Valeur;Evolution;Oui;mer 23/02/2022 - 14:51
Etablissement Français du Sang;Etablissement Français du Sang;IND-82;Note de satisfaction de la pertinence des informations sur le site internet - sites fixes;Satisfaction de la pertinence des informations mises à disposition sur le site internet;satisfaction;Note;10;Unique Valeur;Evolution;Oui;mer 23/02/2022 - 14:51
Réseau des rectorats et DSDEN;DSDEN, Rectorat;IND-98;Taux de demande de bourse réalisé en ligne pour les élèves scolarisés en collège;Taux de demande de bourse réalisé en ligne pour les élèves scolarisés en collège;performance;Taux;%;Multi Barres;Evolution;Oui;mer 23/02/2022 - 14:51
France services;Structure France services, France services;IND-130;Taux de satisfation relatif à la qualité de l'accueil;Taux de satisfation relatif à la qualité de l'accueil;satisfaction;Taux;%;Multi Barres;Evolution;Oui;mer 23/02/2022 - 14:51
DGDDI;DGDDI;IND-146;Taux de prise en charge téléphonique des appels et demandes de rappel reçus par le centre de contact « Infos douane service »;Taux de prise en charge des appels par Infos douane service;satisfaction;Taux;%;Unique Valeur;Evolution;Oui;mer 23/02/2022 - 14:51
Administration territoriale de l'Etat;Administration territoriale de l'Etat, Préfecture;IND-258;Taux d'appels aboutis en préfécture;Taux d'appels pris en charge en préfecture;performance;Taux;%;Multi Barres;Evolution;Oui;mer 23/02/2022 - 14:51
Universités et écoles;Université, Ecole, Universités et écoles;IND-274;Taux d'insertion professionnelle à 18 mois des diplômés 2016 de master - Sciences-Technologies-Santé;Taux d'insertion professionnelle des diplômés 2016 master Sciences-Technologies-Santé;performance;Taux;%;Multi Barres;Evolution;Oui;mer 23/02/2022 - 14:51
INSEE;INSEE;IND-3;Facilité de compréhension des informations diffusées sur le site Insee.fr;Facilité de compréhension des informations diffusées sur le site Insee.fr;satisfaction;Taux;%;Unique Valeur;Evolution;Oui;mer 23/02/2022 - 14:51
Ministère de l'Agriculture et de l'Alimentation;Ministère de l'Agriculture et de l'Alimentation;IND-35;Satisfaction quant à l'utilisation d'un service en ligne;Part des usagers satisfaits du service en ligne;satisfaction;Taux;%;Unique Valeur;Evolution;Oui;mer 23/02/2022 - 14:51
Ministère de l'Agriculture et de l'Alimentation;Etablissement d'enseignement supérieur agricole;IND-67;Taux d'insertion professionnelle des diplomés 2020 à 12 mois;Taux d'insertion professionnelle des diplomés 2020 à 12 mois;performance;Taux;%;Multi Barres;Evolution;Oui;mer 23/02/2022 - 14:51
Etablissement Français du Sang;Etablissement Français du Sang;IND-83;Note de satisfaction de la pertinence des informations sur le site internet - sites mobiles;Satisfaction de la pertinence des informations mises à disposition sur le site internet;satisfaction;Note;10;Unique Valeur;Evolution;Oui;mer 23/02/2022 - 14:51
DSNJ;Centre du service national et de la jeunesse, Centre du service national et de la jeunesse - Outre-mer-, Etablissement du Service National et de la Jeunesse;IND-147;Impact de la Journée Défense et Citoyenneté sur l'image des armées;Impact de la Journée Défense et Citoyenneté sur l'image des armées;satisfaction;Taux;%;Multi Barres;Evolution;Oui;mer 23/02/2022 - 14:51
CCMSA;MSA, CCMSA;IND-195;x% de vos appels sont pris en charge par un de nos agents;Taux d'appels pris en charge par un agent;performance;Taux;%;Multi Barres;Evolution;Oui;mer 23/02/2022 - 14:51
INSEE;INSEE;IND-4;Taux d'appels aboutis relatifs à des demandes d'information;Taux d'appels aboutis relatifs à des demandes d'information;performance;Taux;%;Unique Valeur;Evolution;Oui;mer 23/02/2022 - 14:51
CAISSE NATIONALE MILITAIRE DE SECURITE SOCIALE;CAISSE NATIONALE MILITAIRE DE SECURITE SOCIALE;IND-20;Satisfaction globale de l'accueil physique;Taux de satisfaction relatif à la qualité de l'accueil physique;satisfaction;Taux;%;Unique Valeur;Evolution;Oui;mer 23/02/2022 - 14:51
Ministère de l'Agriculture et de l'Alimentation;Ministère de l'Agriculture et de l'Alimentation;IND-36;Satisfaction quant aux informations disponibles sur les sites Internet;Part des visiteurs ayant trouvé l'information recherchée sur nos sites Internet;satisfaction;Taux;%;Unique Valeur;Evolution;Oui;mer 23/02/2022 - 14:51
Etablissement Français du Sang;ETS, Ensemble des collectes mobiles de l'ETS, Maison du don, Etablissement Français du Sang;IND-84;Note de satisfaction de la relation avec le personnel;Satisfaction par rapport à l’accueil, à l’écoute et à l’accompagnement;satisfaction;Note;10;Multi Barres;Evolution;Oui;mer 23/02/2022 - 14:51
Universités et écoles;Université, Ecole, Universités et écoles;IND-276;Taux d'insertion professionnelle à 18 mois des diplômés 2016 de master - Master Enseignement;Taux d'insertion professionnelle des diplômés 2016 de master - Master Enseignement;performance;Taux;%;Multi Barres;Evolution;Oui;mer 23/02/2022 - 14:51
INSEE;INSEE;IND-5;Taux de réponse en moins de 72h aux demandes d'information par courriel;Taux de réponse en moins de 72h aux demandes d'information par courriel;performance;Taux;%;Unique Valeur;Evolution;Oui;mer 23/02/2022 - 14:51
CAISSE NATIONALE MILITAIRE DE SECURITE SOCIALE;CAISSE NATIONALE MILITAIRE DE SECURITE SOCIALE;IND-21;Satisfaction globale de l'accueil téléphonique;Taux de satisfaction relatif à la qualité de l'accueil téléphonique;satisfaction;Taux;%;Unique Valeur;Evolution;Oui;mer 23/02/2022 - 14:51
Ministère de l'Agriculture et de l'Alimentation;Ministère de l'Agriculture et de l'Alimentation;IND-37;Taux d'usage volontaire des services en lignes;Part des usagers ayant choisi de réaliser leur démarche en ligne plutôt que sur papier;performance;Taux;%;Unique Valeur;Evolution;Oui;mer 23/02/2022 - 14:51
Ministère de l'Agriculture et de l'Alimentation;FranceAgriMer;IND-53;Taux de pages du site franceagrimer.fr relatives aux démarches, mises à jour durant les 12 derniers mois;Taux de pages du site franceagrimer.fr mises à jour durant les 12 derniers mois;performance;Taux;%;Unique Valeur;Evolution;Oui;mer 23/02/2022 - 14:51
Ministère de l'Agriculture et de l'Alimentation;Etablissement d'enseignement technique agricole;IND-69;Taux d'insertion professionnelle à 7 mois pour le Certificat d'aptitude professionnel agricole (CAPA);Taux d'insertion professionnelle à 7 mois pour le CAPA;performance;Taux;%;Unique Valeur;Evolution;Oui;mer 23/02/2022 - 14:51
Réseau des rectorats et DSDEN;DSDEN, Rectorat;IND-101;Note au baromètre Marianne;Note au baromètre Marianne;performance;Taux;%;Multi Barres;Evolution;Oui;mer 23/02/2022 - 14:51
CNAF;CAF, CNAF;IND-117;Réponses au téléphone : x% des allocataires ont obtenu une réponse de la Caf;Taux d'appels pris en charge par la Caf;performance;Taux;%;Multi Barres;Evolution;Oui;mer 23/02/2022 - 14:51
Ministère de la Justice;TRIBUNAL JUDICIAIRE, Direction des services judiciaires;IND-181;Répondants ayant indiqué que la réponse reçue correspondait à leur demande;Taux de satisfaction relatif à la pertinence des réponses;satisfaction;Taux;%;Unique Valeur;Evolution;Oui;mer 23/02/2022 - 14:51
CCMSA;MSA, CCMSA;IND-197;Vous êtes x% à percevoir votre retraite le mois suivant la date de votre départ;Taux d’usagers percevant leur retraite dans le mois suivant la date de départ;performance;Taux;%;Multi Barres;Evolution;Oui;mer 23/02/2022 - 14:51
Ministère du Travail, de l'Emploi et de l'Insertion;Agence nationale pour l'amélioration des conditions de travail (Anact);IND-245;Taux de satisfaction des entreprises à la suite d'une intervention de l'ANACT pour améliorer les conditions de travail et résorber un climat social tendu;Taux de satisfaction après une intervention pour améliorer les conditions de travail;satisfaction;Taux;%;Unique Valeur;Evolution;Oui;mer 23/02/2022 - 14:51
DGCCRF;SignalConso;IND-277;Taux de satisfaction des professionnels vis-à-vis de la télé-procédure rappel-conso;Taux de satisfaction des professionnels vis-à-vis de la télé-procédure rappel-conso;satisfaction;Taux;%;Unique Valeur;Evolution;Oui;mer 23/02/2022 - 14:51
CAISSE NATIONALE MILITAIRE DE SECURITE SOCIALE;CAISSE NATIONALE MILITAIRE DE SECURITE SOCIALE;IND-22;Satisfaction globale des échanges par courrier;Taux de satisfaction relatif aux réponses par courrier;satisfaction;Taux;%;Unique Valeur;Evolution;Oui;mer 23/02/2022 - 14:51
Ministère de l'Agriculture et de l'Alimentation;Agence de services et de paiement (ASP);IND-38;Contrats aidés : Taux de décroché;Taux d’appels téléphoniques décrochés concernant les contrats aidés;performance;Taux;%;Unique Valeur;Evolution;Oui;mer 23/02/2022 - 14:51
Ministère de l'Agriculture et de l'Alimentation;FranceAgriMer;IND-54;Taux de satisfaction des usagers de Vitiplantation;Taux de satisfaction des usagers de Vitiplantation;satisfaction;Taux;%;Unique Valeur;Evolution;Oui;mer 23/02/2022 - 14:51
Ministère de l'Agriculture et de l'Alimentation;Etablissement d'enseignement technique agricole;IND-70;Taux d'insertion professionnelle à 7 mois pour le Brevet de technicien supérieur agricole (BTSA);Taux d'insertion professionnelle à 7 mois pour le BTSA;performance;Taux;%;Unique Valeur;Evolution;Oui;mer 23/02/2022 - 14:51
Etablissement Français du Sang;Etablissement Français du Sang, ETS;IND-86;Note de satisfaction de la relation avec le personnel - sites fixes;Satisfaction par rapport à l’accueil, à l’écoute et à l’accompagnement;satisfaction;Note;10;Multi Barres;Evolution;Oui;mer 23/02/2022 - 14:51
Ministère de la Justice;TRIBUNAL JUDICIAIRE, Direction des services judiciaires;IND-182;Satisfaction quant aux informations délivrées par le serveur vocal ou par un opération;Taux de satisfaction relatif à la qualité des réponses vocales;satisfaction;Taux;%;Unique Valeur;Evolution;Oui;mer 23/02/2022 - 14:51
CCMSA;MSA, CCMSA;IND-198;Vous êtes x% à percevoir votre retraite dans les 2 mois suivant la date de votre départ;Taux d’usagers percevant leur retraite dans les 2 mois suivant la date de votre départ;performance;Taux;%;Multi Barres;Evolution;Oui;mer 23/02/2022 - 14:51
MTE-MCTRCT;CITES;IND-230;Part de demandes déposées concernant les animaux vivants;Part de demandes déposées concernant les animaux vivants;performance;Taux;%;Unique Valeur;Evolution;Oui;mer 23/02/2022 - 14:51
Ministère du Travail, de l'Emploi et de l'Insertion;Agence nationale pour l'amélioration des conditions de travail (Anact);IND-246;Taux de satisfaction des entreprises après l'intervention de l'ANACT permettant de mettre en place des innovations d'amélioration des conditions de travail;Taux de satisfaction après une intervention permettant la mise en place d'innovations;satisfaction;Taux;%;Unique Valeur;Evolution;Oui;mer 23/02/2022 - 14:51
Gendarmerie Nationale;COMGEND, Groupement de gendarmerie départementale;IND-7;Note attribuée par les usagers du chat de la Brigade numérique pour le traitement de leur demande;Note moyenne de satisfaction relative aux échanges chat avec la Brigade Numérique;satisfaction;Note;10;Multi Barres;Evolution;Oui;mer 23/02/2022 - 14:51
CAISSE NATIONALE MILITAIRE DE SECURITE SOCIALE;CAISSE NATIONALE MILITAIRE DE SECURITE SOCIALE;IND-23;Satisfaction globale des échanges par mail;Taux de satisfaction relatif aux réponses par email;satisfaction;Taux;%;Unique Valeur;Evolution;Oui;mer 23/02/2022 - 14:51
Ministère de l'Agriculture et de l'Alimentation;Agence de services et de paiement (ASP);IND-39;Activité partielle : Taux de décroché;Taux d’appels téléphoniques décrochés concernant l'activité partielle;performance;Taux;%;Unique Valeur;Evolution;Oui;mer 23/02/2022 - 14:51
Ministère de l'Agriculture et de l'Alimentation;FranceAgriMer;IND-55;Taux de satisfaction des usagers de Vitirestructuration;Taux de satisfaction des usagers de Vitirestructuration;satisfaction;Taux;%;Unique Valeur;Evolution;Oui;mer 23/02/2022 - 14:51
Ministère de l'Agriculture et de l'Alimentation;Etablissement d'enseignement technique agricole;IND-71;Taux d'insertion professionnelle à 7 mois pour le Bac professionnel;Taux d'insertion professionnelle à 7 mois pour le Bac professionnel;performance;Taux;%;Unique Valeur;Evolution;Oui;mer 23/02/2022 - 14:51
Etablissement Français du Sang;Etablissement Français du Sang, ETS, Ensemble des collectes mobiles de l'ETS;IND-87;Note de satisfaction de la relation avec le personnel - sites mobiles;Satisfaction par rapport à l’accueil, à l’écoute et à l’accompagnement;satisfaction;Note;10;Multi Barres;Evolution;Oui;mer 23/02/2022 - 14:51
Réseau des rectorats et DSDEN;DSDEN, Rectorat;IND-103;Taux de satisfaction des usagers (pourcentage des usagers très satisfaits et satisfaits);Taux de satisfaction des usagers;satisfaction;Taux;%;Multi Barres;Evolution;Oui;mer 23/02/2022 - 14:51
Ministère de la Culture;Portails en ligne, DRAC;IND-135;Taux de satisfaction globale;Taux de satisfaction globale;satisfaction;Taux;%;Multi Barres;Evolution;Oui;mer 23/02/2022 - 14:51
Ministère de la Justice;Casier judiciaire national;IND-151;Taux d’avis positifs sur la simplicité de la demande en ligne d’extrait de casier judiciaire;Taux d’avis positifs sur la simplicité de la demande en ligne de casier judiciaire;satisfaction;Taux;%;Unique Valeur;Evolution;Oui;mer 23/02/2022 - 14:51
CNAM;CPAM, CNAM;IND-183;Taux de satisfaction global des assurés;Taux de satisfaction global des assurés;satisfaction;Taux;%;Multi Barres;Evolution;Oui;mer 23/02/2022 - 14:51
CCMSA;MSA, CCMSA;IND-199;Vous êtes x% à être satisfaits de nos services;Taux de satisfaction globale des services;satisfaction;Taux;%;Multi Barres;Evolution;Oui;mer 23/02/2022 - 14:51
MTE-MCTRCT;Prime à la conversion;IND-215;Pourcentage de primes versées à des particuliers parmi les primes payées;Pourcentage de primes versées à des particuliers parmi les primes payées;performance;Taux;%;Unique Valeur;Evolution;Oui;mer 23/02/2022 - 14:51
Ministère du Travail, de l'Emploi et de l'Insertion;Agence nationale pour l'amélioration des conditions de travail (Anact);IND-247;Part de l'activité dédiée à la mise en œuvre du plan santé au travail;Part de l'activité dédiée à la mise en œuvre du plan santé au travail;performance;Taux;%;Unique Valeur;Evolution;Oui;mer 23/02/2022 - 14:51
POLICE NATIONALE;DIRECTION TERRITORIALE DE SECURITE DE PROXIMITE, PREFECTURE DE POLICE DE PARIS;IND-263;Taux d'usagers pris en charge dans les 15 min après accueil au Commissariat;Taux d'usagers pris en charge dans les 15 min après accueil au Commissariat;performance;Taux;%;Multi Barres;Evolution;Oui;mer 23/02/2022 - 14:51
Gendarmerie Nationale;COMGEND, Groupement de gendarmerie départementale;IND-8;Taux de satisfaction des usagers sur la qualité de l'accueil;Taux de satisfaction relatif à la qualité de l'accueil;satisfaction;Taux;%;Multi Barres;Evolution;Oui;mer 23/02/2022 - 14:51
CAISSE NATIONALE MILITAIRE DE SECURITE SOCIALE;CAISSE NATIONALE MILITAIRE DE SECURITE SOCIALE;IND-24;Satisfaction globale pour le site internet;Taux de satisfaction globale relatif au site web;satisfaction;Taux;%;Unique Valeur;Evolution;Oui;mer 23/02/2022 - 14:51
Ministère de l'Agriculture et de l'Alimentation;Agence de services et de paiement (ASP);IND-40;Apprentissage : Taux de décroché;Taux d’appels téléphoniques décrochés concernant l'apprentissage;performance;Taux;%;Unique Valeur;Evolution;Oui;mer 23/02/2022 - 14:51
Ministère de l'Agriculture et de l'Alimentation;Institut Français du Cheval et de l'Equitation (IFCE);IND-56;Taux de satisfaction lié aux démarches du système d'information relatif aux équidés;Taux de satisfaction lié aux démarches du système d'information relatif aux équidés;satisfaction;Taux;%;Unique Valeur;Evolution;Oui;mer 23/02/2022 - 14:51
Ministère de l'Agriculture et de l'Alimentation;Etablissement d'enseignement technique agricole;IND-72;Taux d'insertion professionnelle à 33 mois pour le brevet professionnel;Taux d'insertion professionnelle à 33 mois pour le brevet professionnel;performance;Taux;%;Unique Valeur;Evolution;Oui;mer 23/02/2022 - 14:51
Etablissement Français du Sang;ETS, Ensemble des collectes mobiles de l'ETS, Maison du don, Etablissement Français du Sang;IND-88;Note de satisfaction du délai d’attente;Satisfaction du délai d’attente avant le don;satisfaction;Note;10;Multi Barres;Evolution;Oui;mer 23/02/2022 - 14:51
Ministère de la Justice;Casier judiciaire national;IND-152;Taux d’avis positifs sur la qualité de la réponse apportée par courriel;Taux d’avis positifs sur la qualité de la réponse par courriel;satisfaction;Taux;%;Unique Valeur;Evolution;Oui;mer 23/02/2022 - 14:51
MTE-MCTRCT;Prime à la conversion;IND-216;Pourcentage de primes versées à des concessionnaires parmi les primes payées;Pourcentage de primes versées à des concessionnaires parmi les primes payées;performance;Taux;%;Unique Valeur;Evolution;Oui;mer 23/02/2022 - 14:51
URSSAF;Caisse régionale URSSAF, Centre national PAJEMPLOI, URSSAF;IND-248;Note de satisfaction globale;Note de satisfaction globale;satisfaction;Note;10;Multi Barres;Evolution;Oui;mer 23/02/2022 - 14:51
CAISSE NATIONALE MILITAIRE DE SECURITE SOCIALE;CAISSE NATIONALE MILITAIRE DE SECURITE SOCIALE;IND-25;Taux d'efficacité de l'accueil téléphonique;Taux d'appels pris en charge;performance;Taux;%;Unique Valeur;Evolution;Oui;mer 23/02/2022 - 14:51
Ministère de l'Agriculture et de l'Alimentation;Agence de services et de paiement (ASP);IND-41;IAE : Taux de décroché;Taux d’appels téléphoniques décrochés concernant l'insertion par l’activité économique;performance;Taux;%;Unique Valeur;Evolution;Oui;mer 23/02/2022 - 14:51
Ministère de l'Agriculture et de l'Alimentation;Institut Français du Cheval et de l'Equitation (IFCE);IND-57;Taux d'appels aboutis dans les horaires d'ouverture;Taux d'appels aboutis dans les horaires d'ouverture;performance;Taux;%;Unique Valeur;Evolution;Oui;mer 23/02/2022 - 14:51
Ministère de l'Agriculture et de l'Alimentation;Etablissement d'enseignement technique agricole;IND-73;Taux d'insertion professionnelle à 33 mois pour le Brevet de technicien supérieur agricole (BTSA);Taux d'insertion professionnelle à 33 mois pour le BTSA;performance;Taux;%;Unique Valeur;Evolution;Oui;mer 23/02/2022 - 14:51
Etablissement Français du Sang;Etablissement Français du Sang, ETS;IND-89;Note de satisfaction du délai d’attente - Ensemble des donneurs (sites mobiles+sites fixes);Satisfaction du délai d’attente avant le don;satisfaction;Note;10;Multi Barres;Evolution;Oui;mer 23/02/2022 - 14:51
CNAF;CAF, CNAF;IND-121;Taux de satisfaction globale de l'accueil (Caf ou partenaire);Taux de satisfaction relatif à l'accueil;satisfaction;Taux;%;Multi Barres;Evolution;Oui;mer 23/02/2022 - 14:51
MTE-MCTRCT;Prime à la conversion;IND-217;Part de véhicules neufs parmi les primes payées;Part de véhicules neufs parmi les primes payées;performance;Taux;%;Unique Valeur;Evolution;Oui;mer 23/02/2022 - 14:51
LES CROUS;LES CROUS, CROUS;IND-113;x/10 : note globale attribuée par les usagers pour la restauration universitaire;Taux de satisfaction des usagers relatif à la restauration universitaire;satisfaction;Note;10;Multi Barres;Evolution;Oui;mer 09/02/2022 - 03:30
CNAM;CPAM, CNAM;IND-186;Taux de mails répondus en 48h ouvrés;Taux de mails répondus en 48h ouvrés;performance;Taux;%;Multi Barres;Evolution;Oui;lun 07/02/2022 - 03:30
Ministère de la Culture;Établissement d'enseignement supérieur;IND-282;Taux de réussite en master;Taux de réussite en master;performance;Taux;%;Multi Barres;Evolution;Oui;lun 07/02/2022 - 03:30
DGFIP;Service des Impôts des particuliers, Service des Impôts des particuliers et des entreprises, DGFIP;IND-107;Taux de satisfaction à l'issue d'une demande de rendez-vous;Taux de satisfaction à l'issue d'une demande de rdv;satisfaction;Taux;%;Multi Barres;Evolution;Oui;lun 07/02/2022 - 03:30
CNAF;CAF, CNAF;IND-123;Taux de satisfaction globale du site Internet;Taux de satisfaction relatif au site Internet;satisfaction;Taux;%;Multi Barres;Evolution;Oui;lun 07/02/2022 - 03:30
Universités et écoles;Université, Ecole, Universités et écoles;IND-267;Taux d'insertion professionnelle à 18 mois des diplômés 2016 de licence - Droit-Economie-Gestion;Taux d'insertion professionnelle des diplômés 2016 de licence - Droit-Economie-Gestion;performance;Taux;%;Multi Barres;Evolution;Oui;lun 07/02/2022 - 03:30
URSSAF;Caisse régionale URSSAF, Centre national CESU, Centre national PAJEMPLOI, URSSAF;IND-252;% courriels ayant reçu une réponse sous 48 h;Taux de courriels ayant reçu une réponse sous 48 h;performance;Taux;%;Multi Barres;Evolution;Oui;lun 07/02/2022 - 03:30
CNAM;CPAM, CNAM;IND-189;Taux de satisfaction relatif aux réponses courrier et email;Taux de satisfaction relatif aux réponses aux courriers et mails;satisfaction;Taux;%;Multi Barres;Evolution;Oui;lun 07/02/2022 - 03:30
Universités et écoles;Université, Ecole, Universités et écoles;IND-269;Taux d'insertion professionnelle à 18 mois des diplômés 2016 de licence - Sciences humaines et sociales;Taux d'insertion professionnelle des diplômés 2016 licence Sciences humaines sociales;performance;Taux;%;Multi Barres;Evolution;Oui;lun 07/02/2022 - 03:30
CNAV;Carsat, CGSS RETRAITE, Assurance retraite Ile de France, CNAV;IND-14;Taux de satisfaction globale concernant la demande de retraite en ligne;Taux de satisfaction globale concernant la demande de retraite en ligne;satisfaction;Taux;%;Multi Barres;Evolution;Oui;lun 07/02/2022 - 03:30
Etablissement Français du Sang;Etablissement Français du Sang, ETS;IND-94;Note de satisfaction Globale - sites fixes;Satisfaction globale quant au dernier don de sang;satisfaction;Note;10;Multi Barres;Evolution;Oui;lun 07/02/2022 - 03:30
DGFIP;Service des Impôts des entreprises, Service des Impôts des particuliers et des entreprises, DGFIP;IND-110;Taux de demandes de remboursement de crédit de TVA ayant reçu une réponse favorable traitées dans un délai de 30 jours;Taux de demandes de remboursemt de crédit de TVA avec réponse favorable traitées en 30j;performance;Taux;%;Multi Barres;Evolution;Oui;lun 07/02/2022 - 03:30
Universités et écoles;Université, Ecole, Universités et écoles;IND-270;Taux d'insertion professionnelle à 18 mois des diplômés 2016 de licence - Sciences-Technologies-Santé;Taux d'insertion professionnelle des diplômés 2016 licence Sciences Technologies Santé;performance;Taux;%;Multi Barres;Evolution;Oui;lun 07/02/2022 - 03:30
Ministère de l'Agriculture et de l'Alimentation;Etablissement d'enseignement technique agricole;IND-80;Taux de réussite aux examens;Taux de réussite aux examens;performance;Taux;%;Multi Barres;Evolution;Oui;lun 07/02/2022 - 03:30
Universités et écoles;Université, Ecole, Universités et écoles;IND-272;Taux d'insertion professionnelle à 18 mois des diplômés 2016 de master - Lettres-Langues-Arts;Taux d'insertion professionnelle des diplômés 2016 de master - Lettres-Langues-Arts;performance;Taux;%;Multi Barres;Evolution;Oui;lun 07/02/2022 - 03:30
Administration territoriale de l'Etat;Administration territoriale de l'Etat, Préfecture;IND-257;Taux de satisfaction globale des usagers pour la délivrance des titres;Taux de satisfaction relatif à la délivrance des titres;performance;Taux;%;Multi Barres;Evolution;Oui;lun 07/02/2022 - 03:30
Universités et écoles;Université, Ecole, Universités et écoles;IND-273;Taux d'insertion professionnelle à 18 mois des diplômés 2016 de master - Sciences humaines et sociales;Taux d'insertion professionnelle des diplômés 2016 master Sciences humaines et sociales;performance;Taux;%;Multi Barres;Evolution;Oui;lun 07/02/2022 - 03:30
LES CROUS;LES CROUS, CROUS;IND-114;x/10 : note globale attribuée par les usagers pour le logement universitaire;Taux de satisfaction des usagers relatif au logement universitaire;satisfaction;Note;10;Multi Barres;Evolution;Oui;lun 07/02/2022 - 03:30
POLE EMPLOI;DR POLE EMPLOI, DT POLE EMPLOI, AGENCE POLE EMPLOI (APE), AGENCE RELAIS POLE EMPLOI (RPE), AGENCE SPECIALISEE POLE EMPLOI (APES), DTD POLE EMPLOI, PFP POLE EMPLOI, DTC POLE EMPLOI, POLE EMPLOI;IND-243;Taux de satisfaction des demandeurs d'emploi_Score;Taux de satisfaction global des demandeurs d'emploi;satisfaction;Taux;%;Multi Barres;Evolution;Oui;lun 07/02/2022 - 03:30
Universités et écoles;Université, Ecole, Universités et écoles;IND-275;Taux de passage de L1 en L2;Taux de passage de L1 en L2;performance;Taux;%;Multi Barres;Evolution;Oui;lun 07/02/2022 - 03:30
Ministère de l'Agriculture et de l'Alimentation;Etablissement d'enseignement supérieur agricole;IND-68;Taux d'insertion professionnelle des diplomés 2020 à 24 mois;Taux d'insertion professionnelle des diplomés 2020 à 24 mois;performance;Taux;%;Multi Barres;Evolution;Oui;lun 07/02/2022 - 03:30
CNAF;CAF;IND-116;Taux d'appels téléphoniques traités par les agents;Taux d'appels téléphoniques traités par les agents;performance;Taux;%;Multi Barres;Evolution;Oui;lun 07/02/2022 - 03:30
DSNJ;Centre du service national et de la jeunesse, Centre du service national et de la jeunesse - Outre-mer-, Etablissement du Service National et de la Jeunesse;IND-148;Taux de satisfaction concernant la Journée Défense et Citoyenneté;Taux de satisfaction concernant la Journée Défense et Citoyenneté;satisfaction;Taux;%;Multi Barres;Evolution;Oui;lun 07/02/2022 - 03:30
Ministère de la Justice;TRIBUNAL JUDICIAIRE;IND-164;Accueil attentif et courtois (satisfaction);Taux de satisfaction relatif à l'accueil & à la courtoisie;satisfaction;Taux;%;Multi Barres;Evolution;Oui;lun 07/02/2022 - 03:30
CCMSA;MSA, CCMSA;IND-196;x% de vos emails sont traités sous 48h;Taux d'emails traités sous 48h;performance;Taux;%;Multi Barres;Evolution;Oui;lun 07/02/2022 - 03:30
POLE EMPLOI;DR POLE EMPLOI, DT POLE EMPLOI, AGENCE POLE EMPLOI (APE), AGENCE RELAIS POLE EMPLOI (RPE), AGENCE SPECIALISEE POLE EMPLOI (APES), DTD POLE EMPLOI, PFP POLE EMPLOI, DTC POLE EMPLOI, POLE EMPLOI;IND-244;Taux de satisfaction des entreprises_Score;Taux de satisfaction global des entreprises;satisfaction;Taux;%;Multi Barres;Evolution;Oui;lun 07/02/2022 - 03:30
Etablissement Français du Sang;Etablissement Français du Sang, ETS;IND-85;Note de satisfaction de la relation avec le personnel - Ensemble des donneurs (sites mobiles+sites fixes);Satisfaction par rapport à l’accueil, à l’écoute et à l’accompagnement;satisfaction;Note;10;Multi Barres;Evolution;Oui;lun 07/02/2022 - 03:30
Ministère de la Culture;Portails en ligne, DRAC;IND-133;Taux de recommandation du portail;Taux de recommandation du portail;performance;Taux;%;Multi Barres;Evolution;Oui;lun 07/02/2022 - 03:30
DSNJ;Centre du service national et de la jeunesse, Centre du service national et de la jeunesse - Outre-mer-, Etablissement du Service National et de la Jeunesse;IND-149;Taux de satisfaction des usagers concernant les contacts par mail;Taux de satisfaction des usagers concernant les contacts par mail;satisfaction;Taux;%;Multi Barres;Evolution;Oui;lun 07/02/2022 - 03:30
Ministère de la Culture;Portails en ligne, DRAC;IND-134;Taux de satisfaction de la démarche dématérialisée par rapport à la demande papier;Taux de satisfaction de la démarche dématérialisée par rapport à la demande papier;satisfaction;Taux;%;Multi Barres;Evolution;Oui;lun 07/02/2022 - 03:30
DSNJ;Centre du service national et de la jeunesse, Centre du service national et de la jeunesse - Outre-mer-, Etablissement du Service National et de la Jeunesse;IND-150;Taux de satisfaction des usagers concernant les horaires d'accueil téléphonique;Taux de satisfaction des usagers concernant les horaires d'accueil téléphonique;satisfaction;Taux;%;Multi Barres;Evolution;Oui;lun 07/02/2022 - 03:30
Ministère de la Culture;Portails en ligne, DRAC;IND-136;Taux de satisfaction sur la simplicité d'utilisation;Taux de satisfaction sur la simplicité d'utilisation;satisfaction;Taux;%;Multi Barres;Evolution;Oui;lun 07/02/2022 - 03:30
CCMSA;MSA, CCMSA;IND-200;Vous êtes x% à être satisfaits de notre site internet;Taux de satisfaction relatif au site internet;satisfaction;Taux;%;Multi Barres;Evolution;Oui;lun 07/02/2022 - 03:30
Gendarmerie Nationale;COMGEND, Groupement de gendarmerie départementale;IND-9;Taux de satisfaction des usagers sur le traitement des plaintes ou des mains courantes;Taux de satisfaction relatif au traitement des plaintes;satisfaction;Taux;%;Multi Barres;Evolution;Oui;lun 07/02/2022 - 03:30
Ministère de la Culture;Portails en ligne, DRAC;IND-137;Taux de satisfaction sur les délais;Taux de satisfaction sur les délais;satisfaction;Taux;%;Multi Barres;Evolution;Oui;lun 07/02/2022 - 03:30
POLICE NATIONALE;BUREAU DE POLICE, CIRCONSCRIPTION DE SECURITE DE PROXIMITE, CIRCONSCRIPTION DE SECURITE PUBLIQUE, COMMISSARIAT DE POLICE, COMMISSARIAT DE SECTEUR, COMMISSARIAT DIVISIONNAIRE, DIRECTION DEPARTEMENTALE DE LA SECURITE PUBLIQUE, HOTEL DE POLICE, POLICE NATIONALE, DIRECTION TERRITORIALE DE LA POLICE NATIONALE;IND-265;x% des appels 17 sont pris en charge par nos opérateurs en moins de 45 secondes;Taux d’appels au 17 pris en charge en moins de 45 secondes;performance;Taux;%;Multi Barres;Evolution;Oui;lun 07/02/2022 - 03:30
Ministère de la Culture;Établissement d'enseignement supérieur;IND-281;Taux de réussite en licence;Taux de réussite en licence;performance;Taux;%;Multi Barres;Evolution;Oui;lun 07/02/2022 - 03:30
DGFIP;Service des Impôts des particuliers, Service des Impôts des particuliers et des entreprises, DGFIP;IND-106;Taux de réponses claires;Taux de réponses claires;satisfaction;Taux;%;Multi Barres;Evolution;Oui;sam 05/02/2022 - 03:30
Ministère de la Culture;Établissement d'enseignement supérieur, Administration centrale du ministère de la Culture;IND-138;Taux d’insertion professionnelle des diplômés 2016 de l’Enseignement Supérieur Culture en activité;Taux d’insertion professionnelle des diplômés 2016 de l’Enseignement Supérieur Culture;performance;Taux;%;Multi Barres;Evolution;Oui;sam 05/02/2022 - 03:30
CNAV;Carsat, CGSS RETRAITE, Assurance retraite Ile de France, CNAV;IND-11;Part des dossiers garantie de versement payés à l'échéance;Part des dossiers garantie de versement payés à l'échéance;performance;Taux;%;Multi Barres;Evolution;Oui;sam 05/02/2022 - 03:30
Etablissement Français du Sang;ETS, Ensemble des collectes mobiles de l'ETS, Maison du don, Etablissement Français du Sang;IND-96;Taux de retour au don des donneurs connus;Performance - retour au don donneurs connus;performance;Taux;%;Multi Barres;Evolution;Oui;sam 05/02/2022 - 03:30
Administration territoriale de l'Etat;Administration territoriale de l'Etat, Préfecture;IND-256;Score d'effort ressenti par les usagers pour les télé-procédures permis de conduire et certificats d'immatriculation des véhicules (cartes grises);Difficulté d'accès au téléprocédures Permis de conduire & Immatriculation;satisfaction;Note;5;Multi Barres;Evolution;Oui;sam 05/02/2022 - 03:30
POLICE NATIONALE;DIRECTION TERRITORIALE DE SECURITE DE PROXIMITE, PREFECTURE DE POLICE DE PARIS;IND-262;Taux d'usagers ayant reçu une réponse en moins de 5 jours après une demande adressée par courriel (boite mail police-population);Taux d'usagers ayant reçu une réponse en moins de 5 jours (demande par courriel);performance;Taux;%;Multi Barres;Evolution;Oui;sam 05/02/2022 - 03:30
DGFIP;Service des Impôts des particuliers, Service des Impôts des particuliers et des entreprises, DGFIP;IND-104;Taux de messages électroniques ayant reçu une réponse dans un délai d'une semaine;Taux d'emails traités en moins d'1 semaine;performance;Taux;%;Multi Barres;Evolution;Oui;sam 05/02/2022 - 03:30
URSSAF;Caisse régionale URSSAF, Centre national CESU, Centre national PAJEMPLOI, URSSAF;IND-249;Taux de satisfaction global;Taux de satisfaction global;satisfaction;Taux;%;Multi Barres;Evolution;Oui;sam 05/02/2022 - 03:30
France services;Structure France services;IND-284;Taux de démarches réalisées en France services sans redirection;Taux de démarches réalisées en intégralité dans la France services;performance;Taux;%;Multi Barres;Evolution;Oui;ven 04/02/2022 - 17:01
CNAV;Carsat, CGSS RETRAITE, Assurance retraite Ile de France, CNAV;IND-12;Taux d'appels téléphoniques entrants aboutis (téléconseillers+SVI);Taux d'appels téléphoniques entrants aboutis;performance;Taux;%;Multi Barres;Evolution;Oui;mer 02/02/2022 - 14:17
CNAF;CAF, CNAF;IND-126;Taux de satisfaction globale du délai de traitement des courriers;Taux de satisfaction relatif au délai de traitement des courriers;satisfaction;Taux;%;Multi Barres;Evolution;Oui;mer 02/02/2022 - 14:17
Universités et écoles;Université, Ecole, Universités et écoles;IND-271;Taux d'insertion professionnelle à 18 mois des diplômés 2016 de master - Droit-Economie-Gestion;Taux d'insertion professionnelle des diplômés 2016 de master - Droit-Economie-Gestion;performance;Taux;%;Multi Barres;Evolution;Oui;mer 02/02/2022 - 14:17
France services;Structure France services, France services;IND-129;Taux de satisfaction relatif à l'équipement des locaux;Taux de satisfaction relatif à l'équipement des locaux;satisfaction;Taux;%;Multi Barres;Evolution;Oui;mer 02/02/2022 - 14:17
Réseau des rectorats et DSDEN;DSDEN, Rectorat;IND-99;Taux de demande de bourse réalisé en ligne pour les élèves scolarisés en lycée;Taux de demande de bourse réalisé en ligne pour les élèves scolarisés en lycée;performance;Taux;%;Multi Barres;Evolution;Oui;mer 02/02/2022 - 14:17
Ministère de la Justice;Direction de la protection judiciaire de la jeunesse;IND-295;Disponiblité des professionnels - questionnaire jeunes -Secteur Public.;Taux de satisfaction des jeunes quant à la disponiblité des professionnels;satisfaction;Taux;%;;Evolution;Oui;lun 24/01/2022 - 10:58
Ministère de la Justice;Bureau d'aide aux victimes;IND-289;Accueil attentif et courtois;Taux global de satisfaction sur la qualité de l'accueil (bureau d'aide aux victimes);satisfaction;Note;10;;Evolution;Oui;lun 24/01/2022 - 10:06
Ministère de la Justice;Direction de la protection judiciaire de la jeunesse;IND-287;Disponiblité des professionnels - questionnaire jeunes -Secteur Public;Taux de satisfaction des jeunes quant à la disponiblité des professionnels;satisfaction;Taux;%;;Evolution;Oui;lun 24/01/2022 - 09:56
Ministère de la Justice;Bureau d'aide aux victimes;IND-290;Accessibilité des locaux;Taux de satisfaction quant à l'accessibilité des locaux;satisfaction;Taux;%;;Evolution;Oui;lun 24/01/2022 - 09:56
Ministère de la Justice;Bureau d'aide aux victimes;IND-291;Compréhension suite à l'aide apportée;Taux de répondants ayant compris les explications fournies sur la procédure;satisfaction;Taux;%;;Evolution;Oui;lun 24/01/2022 - 09:56
Ministère de la Justice;Conseils départementaux de l'accès au droit;IND-292;Proximité domicile - structure point-justice;Taux de répondants satisfaits de la distance entre leur domicile et le point-justice;satisfaction;Taux;%;;Evolution;Oui;lun 24/01/2022 - 09:56
Ministère de la Justice;Conseils départementaux de l'accès au droit;IND-293;Délai de prise de rendez-vous;Taux de répondants satisfaits du délai de prise de rendez-vous;satisfaction;Taux;%;;Evolution;Oui;lun 24/01/2022 - 09:56
Ministère de la Justice;Conseils départementaux de l'accès au droit;IND-294;Clarté du langage employé;Taux de répondants ayant compris les explications fournies à l'accueil du point-justice;satisfaction;Taux;%;;Evolution;Oui;lun 24/01/2022 - 09:56
Ministère de la Justice;TRIBUNAL JUDICIAIRE;IND-180;Qualité des renseignements (satisfaction);Taux de satisfaction relatif à la qualité des renseignements;satisfaction;Taux;%;Multi Barres;Evolution;Oui;sam 08/01/2022 - 03:30
POLE EMPLOI;DR POLE EMPLOI, DT POLE EMPLOI, AGENCE POLE EMPLOI (APE), AGENCE RELAIS POLE EMPLOI (RPE), AGENCE SPECIALISEE POLE EMPLOI (APES), DTD POLE EMPLOI, PFP POLE EMPLOI, DTC POLE EMPLOI, POLE EMPLOI;IND-239;Taille moyenne des portefeuille guidés;Taille moyenne des portefeuille guidés;performance;Nombre;personne;Multi Barres;Evolution;Non;jeu 16/12/2021 - 19:42
POLE EMPLOI;DR POLE EMPLOI, DT POLE EMPLOI, AGENCE POLE EMPLOI (APE), AGENCE RELAIS POLE EMPLOI (RPE), AGENCE SPECIALISEE POLE EMPLOI (APES), DTD POLE EMPLOI, PFP POLE EMPLOI, DTC POLE EMPLOI, POLE EMPLOI;IND-237;Nombre de demandeurs d'emploi (DEFM A);Nombre de demandeurs d'emploi;performance;Nombre;personne;Multi Barres;Evolution;Non;jeu 16/12/2021 - 19:41
POLE EMPLOI;DR POLE EMPLOI, DT POLE EMPLOI, AGENCE POLE EMPLOI (APE), AGENCE RELAIS POLE EMPLOI (RPE), AGENCE SPECIALISEE POLE EMPLOI (APES), DTD POLE EMPLOI, PFP POLE EMPLOI, DTC POLE EMPLOI, POLE EMPLOI;IND-242;Nombre de retours à l’emploi sur 12 mois;Nombre de retours à l’emploi sur 12 mois;performance;Nombre;personne;Multi Barres;Evolution;Oui;mer 15/12/2021 - 18:26
Ministère de la Culture;DRAC;IND-280;Délai global de paiement;Délai global de paiement des DRAC pour la commande publique;performance;Nombre;unité;Multi Barres;Evolution;Oui;sam 04/12/2021 - 03:30
Ministère de la Culture;DRAC, Administration centrale du ministère de la Culture, Établissement d'enseignement supérieur, Musées nationaux et assimilés, Portails en ligne, Ministère de la Culture;IND-139;Nombre d'entrées payantes et gratuites;Nombre d'entrées payantes et gratuites;performance;Nombre;visiteur;Multi Barres;Evolution;Oui;mar 30/11/2021 - 14:23
Etablissement Français du Sang;ETS, Ensemble des collectes mobiles de l'ETS, Maison du don, Etablissement Français du Sang;IND-97;Taux de retour au don des nouveaux donneurs;Performance - retour au don nouveaux donneurs;performance;Taux;%;Multi Barres;Evolution;Oui;mar 30/11/2021 - 12:27
CCMSA;MSA;IND-278;Taux de réclamations traitées dans les délais (21j);x% de vos réclamations sont traitées dans les délais;performance;Taux;%;;Evolution;Oui;ven 26/11/2021 - 11:43
CCMSA;MSA;IND-279;Taux de personnes reçues sur RDV;Nous recevons X% d'entre vous en rendez-vous;performance;Taux;%;;Evolution;Oui;ven 26/11/2021 - 11:43
Universités et écoles;Université, Ecole, Universités et écoles;IND-266;Nombre d’inscrits en L1 bénéficiant d’un parcours aménagé (loi ORE);Nombre d’inscrits en L1 bénéficiant d’un parcours aménagé (loi ORE);performance;Nombre;élève;Multi Barres;Evolution;Oui;ven 08/10/2021 - 03:30
CNAM;CPAM, CNAM;IND-187;Taux de satisfaction relatif à la qualité de l'accueil physique;Taux de satisfaction de l'accueil en caisse;satisfaction;Taux;%;Multi Barres;Evolution;Oui;ven 08/10/2021 - 03:30
POLE EMPLOI;AGENCE POLE EMPLOI (APE), AGENCE RELAIS POLE EMPLOI (RPE), DR POLE EMPLOI, DT POLE EMPLOI, DTC POLE EMPLOI, DTD POLE EMPLOI, PFP POLE EMPLOI;IND-238;Taille moyenne des portefeuille renforcés;Taille moyenne des portefeuille renforcés;performance;Nombre;personne;Multi Barres;Evolution;Non;ven 08/10/2021 - 03:30
POLE EMPLOI;AGENCE POLE EMPLOI (APE), AGENCE RELAIS POLE EMPLOI (RPE), DR POLE EMPLOI, DT POLE EMPLOI, DTC POLE EMPLOI, DTD POLE EMPLOI, PFP POLE EMPLOI;IND-240;Taille moyenne des portefeuille suivis;Taille moyenne des portefeuille suivis;performance;Nombre;personne;Multi Barres;Evolution;Non;ven 08/10/2021 - 03:30
POLICE NATIONALE;BUREAU DE POLICE, CIRCONSCRIPTION DE SECURITE DE PROXIMITE, CIRCONSCRIPTION DE SECURITE PUBLIQUE, COMMISSARIAT DE POLICE, COMMISSARIAT DE SECTEUR, COMMISSARIAT DIVISIONNAIRE, DIRECTION DEPARTEMENTALE DE LA SECURITE PUBLIQUE, DIRECTION TERRITORIALE DE LA POLICE NATIONALE, HOTEL DE POLICE, POLICE NATIONALE;IND-259;La pré-plainte en ligne, l'assurance d'un rendez-vous dans les 10 jours dans plus de x % des cas;Taux d'obtention d'un rdv dans les 10 jours suite pré-plainte;performance;Taux;%;Multi Barres;Evolution;Oui;ven 08/10/2021 - 03:30
POLICE NATIONALE;BUREAU DE POLICE, CIRCONSCRIPTION DE SECURITE DE PROXIMITE, CIRCONSCRIPTION DE SECURITE PUBLIQUE, COMMISSARIAT DE POLICE, COMMISSARIAT DE SECTEUR, COMMISSARIAT DIVISIONNAIRE, DIRECTION DEPARTEMENTALE DE LA SECURITE PUBLIQUE, DIRECTION TERRITORIALE DE LA POLICE NATIONALE, HOTEL DE POLICE, POLICE NATIONALE;IND-260;Le délai moyen de prise en charge de l'usager est en moyenne x minutes après votre arrivée au commisariat;Délai moyen de prise en charge de l’usager après son accueil;performance;Temporel;minute;Multi Barres;Evolution;Oui;ven 08/10/2021 - 03:30
POLICE NATIONALE;BUREAU DE POLICE, CIRCONSCRIPTION DE SECURITE DE PROXIMITE, CIRCONSCRIPTION DE SECURITE PUBLIQUE, COMMISSARIAT DE POLICE, COMMISSARIAT DE SECTEUR, COMMISSARIAT DIVISIONNAIRE, DIRECTION DEPARTEMENTALE DE LA SECURITE PUBLIQUE, DIRECTION TERRITORIALE DE LA POLICE NATIONALE, HOTEL DE POLICE, POLICE NATIONALE;IND-261;Police-secours intervient dans un délai moyen de x minutes après l'appel 17;Délai moyen d'intervention de Police Secours après un appel;performance;Temporel;minute;Multi Barres;Evolution;Oui;ven 08/10/2021 - 03:30
CNAM;CPAM, CNAM;IND-184;Délai d'attente moyen pour parler à un conseiller;Délai d'attente moyen pour parler à un conseiller;performance;Temporel;minute;Multi Barres;Evolution;Oui;ven 08/10/2021 - 03:30
POLICE NATIONALE;BUREAU DE POLICE, CIRCONSCRIPTION DE SECURITE DE PROXIMITE, CIRCONSCRIPTION DE SECURITE PUBLIQUE, COMMISSARIAT DE POLICE, COMMISSARIAT DE SECTEUR, COMMISSARIAT DIVISIONNAIRE, DIRECTION DEPARTEMENTALE DE LA SECURITE PUBLIQUE, HOTEL DE POLICE, POLICE NATIONALE;IND-264;x interventions ayant fait suite à un appel 17 POLICE;Nombre d’interventions par trimestre faisant suite à un appel au 17;performance;Nombre;intervention;Multi Barres;Evolution;Oui;ven 08/10/2021 - 03:30
CNAM;CPAM, CNAM;IND-185;Délai de remboursement FSE Assurés au 9ème décile en jours;Délai de remboursement d’une feuille de soins électronique;performance;Temporel;jour;Multi Barres;Evolution;Oui;ven 08/10/2021 - 03:30
DGFIP;Service des Impôts des particuliers, Service des Impôts des particuliers et des entreprises, DGFIP;IND-105;Taux de réclamations traités dans un délai de trente jours;Taux de réclamations traitées en moins de 30 jours;performance;Taux;%;Multi Barres;Evolution;Oui;lun 27/09/2021 - 13:01
Ministère de l'Agriculture et de l'Alimentation;Agence de services et de paiement (ASP);IND-42;Contrats aidés : Délai de traitement des dossiers;Délai de traitement des dossiers concernant les contrats aidés;performance;Temporel;jour;Unique Valeur;Evolution;Oui;jeu 23/09/2021 - 03:30
MTE-MCTRCT;Inscription au registre des transports routiers;IND-234;Délai moyen d’instruction d’une demande à partir de sa prise en charge;Durée moyenne d’instruction d’une demande à partir du dossier complet;performance;Temporel;jour;Unique Valeur;Evolution;Oui;jeu 23/09/2021 - 03:30
Ministère de l'Agriculture et de l'Alimentation;Agence de services et de paiement (ASP);IND-43;Activité partielle : Délai de traitement des dossiers;Délai de traitement des dossiers concernant l'activité partielle;performance;Temporel;jour;Unique Valeur;Evolution;Oui;jeu 23/09/2021 - 03:30
MTE-MCTRCT;Prime à la conversion;IND-219;Nombre de connexion au site www.primealaconversion.gouv.fr;Nombre de connexion au site www.primealaconversion.gouv.fr;performance;Nombre;connexion;Unique Valeur;Evolution;Oui;jeu 23/09/2021 - 03:30
Ministère de l'Agriculture et de l'Alimentation;Agence de services et de paiement (ASP);IND-44;Apprentissage : Délai de traitement des dossiers;Délai de traitement des dossiers concernant l'apprentissage;performance;Temporel;jour;Unique Valeur;Evolution;Oui;jeu 23/09/2021 - 03:30
CNAF;CAF, CNAF;IND-124;Taux de satisfaction globale du téléphone;Taux de satisfaction relatif à la prise en charge téléphonique;satisfaction;Taux;%;Multi Barres;Evolution;Oui;jeu 23/09/2021 - 03:30
Ministère de l'Agriculture et de l'Alimentation;Agence de services et de paiement (ASP);IND-45;IAE : Délai de traitement des dossiers;Délai de traitement des dossiers concernant l'insertion par l’activité économique;performance;Temporel;jour;Unique Valeur;Evolution;Oui;jeu 23/09/2021 - 03:30
MTE-MCTRCT;ADEME;IND-205;Délai moyen de traitement des aides délivrées par l'ADEME;Délai moyen de traitement des aides délivrées par l'ADEME;performance;Temporel;jour;Unique Valeur;Evolution;Oui;jeu 23/09/2021 - 03:30
MTE-MCTRCT;Prime à la conversion;IND-221;Age moyen du véhicule mis au rebut;Age moyen du véhicule mis au rebut;performance;Temporel;an;Unique Valeur;Evolution;Oui;jeu 23/09/2021 - 03:30
Administration territoriale de l'Etat;Administration territoriale de l'Etat, Préfecture;IND-253;Délai moyen de délivrance des certificats d'immatriculation des véhicules (cartes grises);Délai moyen de délivrance des cartes grises;performance;Temporel;jour;Multi Barres;Evolution;Oui;jeu 23/09/2021 - 03:30
Ministère de l'Agriculture et de l'Alimentation;Agence de services et de paiement (ASP);IND-46;Contrats aidés : AU Durée moyenne d'attente;Durée moyenne d’attente au téléphone concernant les contrats aidés;performance;Temporel;minute;Unique Valeur;Evolution;Oui;jeu 23/09/2021 - 03:30
Administration territoriale de l'Etat;Administration territoriale de l'Etat, Préfecture;IND-254;Délai moyen de délivrance des CNI-passeports;Délai moyen de délivrance des CNI-passeport;performance;Temporel;jour;Multi Barres;Evolution;Oui;jeu 23/09/2021 - 03:30
Ministère de l'Agriculture et de l'Alimentation;Agence de services et de paiement (ASP);IND-47;Apprentissage : AU- Durée moyenne d'attente;Durée moyenne d’attente au téléphone concernant l'apprentissage;performance;Temporel;minute;Unique Valeur;Evolution;Oui;jeu 23/09/2021 - 03:30
Etablissement Français du Sang;Etablissement Français du Sang, ETS, Ensemble des collectes mobiles de l'ETS;IND-95;Note de satisfaction Globale - sites mobiles;Satisfaction globale quant au dernier don de sang;satisfaction;Note;10;Multi Barres;Evolution;Oui;jeu 23/09/2021 - 03:30
CCMSA;MSA;IND-191;xj est le délai moyen pour obtenir une réponse à vos mails;Délai moyen d'obtention d'une réponse par email;performance;Temporel;jour;Multi Barres;Evolution;Oui;jeu 23/09/2021 - 03:30
MTE-MCTRCT;Prime à la conversion;IND-223;Valeur moyenne de la prime versée;Valeur moyenne de la prime versée;performance;Nombre;€;Unique Valeur;Evolution;Oui;jeu 23/09/2021 - 03:30
Administration territoriale de l'Etat;Administration territoriale de l'Etat, Préfecture;IND-255;Délai moyen de délivrance des permis de conduire;Délai moyen de délivrance des permis de conduire;performance;Temporel;jour;Multi Barres;Evolution;Oui;jeu 23/09/2021 - 03:30
Ministère de l'Agriculture et de l'Alimentation;Agence de services et de paiement (ASP);IND-48;Activité partielle : AU- Durée moyenne d'attente;Durée moyenne d’attente au téléphone concernant l'activité partielle;performance;Temporel;seconde;Unique Valeur;Evolution;Oui;jeu 23/09/2021 - 03:30
Ministère de l'Agriculture et de l'Alimentation;Telepac;IND-64;Temps d'attente moyen au téléphone;Temps d'attente moyen au téléphone;performance;Temporel;seconde;Unique Valeur;Evolution;Oui;jeu 23/09/2021 - 03:30
CCMSA;MSA;IND-192;xj est le délai moyen de paiement de vos feuilles de soin numériques;Délai moyen de remboursement d'une feuille de soins;performance;Temporel;jour;Multi Barres;Evolution;Oui;jeu 23/09/2021 - 03:30
MTE-MCTRCT;Prime à la conversion;IND-224;Délai moyen de paiement une fois le dossier complet;Délai moyen de paiement une fois le dossier complet;performance;Temporel;jour;Unique Valeur;Evolution;Oui;jeu 23/09/2021 - 03:30
Ministère de l'Agriculture et de l'Alimentation;Agence de services et de paiement (ASP);IND-49;IAE : AU- Durée moyenne d'attente;Durée moyenne d’attente au téléphone concernant l'insertion par l’activité économique;performance;Temporel;seconde;Unique Valeur;Evolution;Oui;jeu 23/09/2021 - 03:30
CCMSA;MSA;IND-193;Délai moyen de remboursement de vos soins avec la carte vitale;Délai moyen de remboursement via la carte vitale;performance;Temporel;jour;Multi Barres;Evolution;Oui;jeu 23/09/2021 - 03:30
Ministère de l'Agriculture et de l'Alimentation;FranceAgriMer;IND-50;Nombre de connexions à VISIONet;Nombre de connexions à VISIONet;performance;Nombre;connexion;Unique Valeur;Evolution;Oui;jeu 23/09/2021 - 03:30
CCMSA;MSA, CCMSA;IND-194;Délai moyen pour payer vos feuilles de soin électronique;Délai moyen pour payer vos feuilles de soin électronique;performance;Temporel;jour;Multi Barres;Evolution;Oui;jeu 23/09/2021 - 03:30
MTE-MCTRCT;Crit'air;IND-210;Nombre de certificats qualité de l’air délivrés (de juillet 2016 à novembre 2020);Nombre de certificats qualité de l’air délivrés;performance;Nombre;certificat;Unique Valeur;Evolution;Oui;jeu 23/09/2021 - 03:30
MTE-MCTRCT;CITES;IND-226;Nombre total de demandes déposées;Nombre total de demandes déposées;performance;Nombre;demande;Unique Valeur;Evolution;Oui;jeu 23/09/2021 - 03:30
Ministère de l'Agriculture et de l'Alimentation;FranceAgriMer;IND-51;Nombre de connexions à Céré’Obs;Nombre de connexions à Céré’Obs;performance;Nombre;connexion;Unique Valeur;Evolution;Oui;jeu 23/09/2021 - 03:30
CNAF;CAF, CNAF;IND-115;Délai de traitement des minima sociaux;Proportion des dossiers minima sociaux traités en moins de 10 jours;performance;Taux;%;Multi Barres;Evolution;Oui;jeu 23/09/2021 - 03:30
MTE-MCTRCT;Crit'air;IND-211;Délai moyen entre la commande et l’expédition du certificat qualité de l’air par Internet (de juin 2020 à novembre 2020);Délai moyen entre la commande et l’expédition du certificat qualité de l’air;performance;Temporel;jour;Unique Valeur;Evolution;Oui;jeu 23/09/2021 - 03:30
MTE-MCTRCT;CITES;IND-227;Nombre de demandes déposées par des organismes;Nombre de demandes déposées par des organismes;performance;Nombre;demande;Unique Valeur;Evolution;Oui;jeu 23/09/2021 - 03:30
Ministère de l'Agriculture et de l'Alimentation;FranceAgriMer;IND-52;Nombre de connexions au Réseau des nouvelles des marchés;Nombre de connexions au Réseau des nouvelles des marchés;performance;Nombre;connexion;Unique Valeur;Evolution;Oui;jeu 23/09/2021 - 03:30
Réseau des rectorats et DSDEN;DSDEN, Rectorat;IND-100;Taux de décroché téléphonique;Taux de décroché téléphonique;performance;Taux;%;Multi Barres;Evolution;Oui;jeu 23/09/2021 - 03:30
MTE-MCTRCT;Crit'air;IND-212;Délai moyen entre la commande et l’expédition certificat qualité de l’air par courrier (de juin 2020 à novembre 2020);Délai moyen entre la commande et l’expédition certificat qualité de l’air par courrier;performance;Temporel;jour;Unique Valeur;Evolution;Oui;jeu 23/09/2021 - 03:30
MTE-MCTRCT;CITES;IND-228;Nombre de demandes déposées par des particuliers;Nombre de demandes déposées par des particuliers;performance;Nombre;demande;Unique Valeur;Evolution;Oui;jeu 23/09/2021 - 03:30
MTE-MCTRCT;Crit'air;IND-213;Délai moyen de réponse à un courriel (de juin 2020 à novembre 2020);Délai moyen de réponse à un courriel;performance;Temporel;jour;Unique Valeur;Evolution;Oui;jeu 23/09/2021 - 03:30
MTE-MCTRCT;CITES;IND-229;Nombre de demandes déposées par des sociétés;Nombre de demandes déposées par des sociétés;performance;Nombre;demande;Unique Valeur;Evolution;Oui;jeu 23/09/2021 - 03:30
Réseau des rectorats et DSDEN;DSDEN, Rectorat;IND-102;Délai de réponse aux demandes;Délai de réponse aux demandes;performance;Temporel;heure;Multi Barres;Evolution;Oui;jeu 23/09/2021 - 03:30
CNAF;CAF, CNAF;IND-118;Délai de traitement moyen d'une demande;Délai de traitement moyen d'une demande;performance;Temporel;jour;Multi Barres;Evolution;Oui;jeu 23/09/2021 - 03:30
MTE-MCTRCT;Prime à la conversion;IND-214;Nombre total de demandes de primes réceptionnées;Nombre total de demandes de primes réceptionnées;performance;Nombre;personne;Unique Valeur;Evolution;Oui;jeu 23/09/2021 - 03:30
CNAF;CAF, CNAF;IND-119;Délai de traitement moyen d'une demande d'aide au logement;Délai de traitement moyen d'une demande d'aide au logement;performance;Temporel;jour;Multi Barres;Evolution;Oui;jeu 23/09/2021 - 03:30
MTE-MCTRCT;CITES;IND-231;Demandes de permis destinés à des échanges intra UE;Demandes de permis destinés à des échanges intra UE;performance;Nombre;demande;Unique Valeur;Evolution;Oui;jeu 23/09/2021 - 03:30
CNAF;CAF, CNAF;IND-120;Délai de traitement moyen des minima sociaux;Délai de traitement moyen des minima sociaux;performance;Temporel;jour;Multi Barres;Evolution;Oui;jeu 23/09/2021 - 03:30
MTE-MCTRCT;CITES;IND-232;Demandes de permis destinés à des échanges hors UE;Demandes de permis destinés à des échanges hors UE;performance;Nombre;demande;Unique Valeur;Evolution;Oui;jeu 23/09/2021 - 03:30
MTE-MCTRCT;Inscription au registre des transports routiers;IND-233;Délai moyen entre le dépôt de la demande et la décision;Durée moyenne de traitement d'une demande à partir de son dépôt;performance;Temporel;jour;Unique Valeur;Evolution;Oui;jeu 23/09/2021 - 03:30
CNAV;Carsat, CGSS RETRAITE, Assurance retraite Ile de France, CNAV;IND-10;Délai moyen de traitement d'un dossier retraite;Délai moyen de traitement d'un dossier retraite;performance;Temporel;jour;Multi Barres;Evolution;Oui;mer 22/09/2021 - 03:30
Ministère de la Justice;Casier judiciaire national;IND-154;Délai de délivrance des extraits de casier judiciaire aux personnes nées hors de France demandés par internet;Délai de délivrance des extraits de casier judiciaire - personnes nées hors de France;performance;Temporel;jour;Unique Valeur;Evolution;Oui;mer 22/09/2021 - 03:30
Ministère de la Justice;TRIBUNAL JUDICIAIRE;IND-170;Contentieux de la responsabilité (plus de 10 000 euros) : durée moyenne;Durée moyenne d'une procédure contentieux (>10 000€);performance;Temporel;mois;Multi Barres;Evolution;Oui;mer 22/09/2021 - 03:30
Ministère de la Justice;Casier judiciaire national;IND-155;Délai de délivrance des extraits de casier judiciaire demandés par courrier;Délai de délivrance des extraits de casier judiciaire demandés par courrier;performance;Temporel;jour;Unique Valeur;Evolution;Oui;mer 22/09/2021 - 03:30
URSSAF;Caisse régionale URSSAF, Centre national CESU, Centre national PAJEMPLOI, URSSAF;IND-251;Note de satisfaction relative à la qualité des réponses aux mails;Note de satisfaction relative à la qualité des réponses aux mails;satisfaction;Note;20;Multi Barres;Evolution;Oui;mer 22/09/2021 - 03:30
Ministère de la Justice;Casier judiciaire national;IND-156;Délai de réponse aux demandes d’information par courriel;Délai de réponse aux demandes d’information par courriel;performance;Temporel;jour;Unique Valeur;Evolution;Oui;mer 22/09/2021 - 03:30
Ministère de la Justice;TRIBUNAL JUDICIAIRE;IND-172;Délai d'attente inférieur à;Délai d'attente moyen global;performance;Temporel;minute;Multi Barres;Evolution;Oui;mer 22/09/2021 - 03:30
ONACVG;ONACVG;IND-236;Délai de traitement des demandes de cartes et titres;Délai de traitement des demandes de cartes et titres;performance;Temporel;jour;Unique Valeur;Evolution;Oui;mer 22/09/2021 - 03:30
DGDDI;DGDDI;IND-141;Délai moyen d’immobilisation des marchandises dédouanées dans la journée;délai moyen d’immobilisation des marchandises;performance;Temporel;minute;Unique Valeur;Evolution;Oui;mer 22/09/2021 - 03:30
Ministère de la Justice;Casier judiciaire national;IND-157;Délai de réponse aux demandes d’information par courrier;Délai de réponse aux demandes d’information par courrier;performance;Temporel;jour;Unique Valeur;Evolution;Oui;mer 22/09/2021 - 03:30
Ministère de la Justice;TRIBUNAL JUDICIAIRE;IND-173;Droit des contrats (hors baux), moins de 10 000 euros : durée moyenne;Durée moyenne d'une procédure Droit des contrats (< 10K€);performance;Temporel;mois;Multi Barres;Evolution;Oui;mer 22/09/2021 - 03:30
Ministère de la Justice;Direction de la protection judiciaire de la jeunesse, Direction territoriale de la protection judiciaire de la jeunesse;IND-158;Délais moyen Contrôle judiciaire compris entre la date de réception de la mesure par le service désigné parle Magistrat et la date de prise en charge du jeune;Délai moyen de prise en charge concernant le contrôle judiciaire;performance;Temporel;jour;Multi Barres;Evolution;Oui;mer 22/09/2021 - 03:30
Ministère de la Justice;TRIBUNAL JUDICIAIRE;IND-174;Droit des contrats (hors baux), plus de 10 000 euros : durée moyenne;Durée moyenne d'une procédure Droit des contrats (> 10K€);performance;Temporel;mois;Multi Barres;Evolution;Oui;mer 22/09/2021 - 03:30
CAISSE NATIONALE MILITAIRE DE SECURITE SOCIALE;CAISSE NATIONALE MILITAIRE DE SECURITE SOCIALE;IND-15;Délai moyen de mise en relation téléphonique avec un conseiller;Délai moyen de mise en relation téléphonique avec un conseiller;performance;Temporel;seconde;Unique Valeur;Evolution;Oui;mer 22/09/2021 - 03:30
Ministère de la Justice;Direction de la protection judiciaire de la jeunesse, Direction territoriale de la protection judiciaire de la jeunesse;IND-159;Délais moyen Liberté surveillée préjudicielle compris entre la date de réception de la mesure par le service désigné parle Magistrat et la date de prise en charge du jeune;Délai moyen de prise en charge concernant la liberté surveillée préjudicielle;performance;Temporel;jour;Multi Barres;Evolution;Oui;mer 22/09/2021 - 03:30
Ministère de la Justice;TRIBUNAL JUDICIAIRE;IND-175;Jugements pénaux - Convocation d'un OPJ : durée moyenne entre l'arrivée au parquet et le classement;Durée moyenne d'une procédure pénale avec convocation OPJ;performance;Temporel;mois;Multi Barres;Evolution;Oui;mer 22/09/2021 - 03:30
CAISSE NATIONALE MILITAIRE DE SECURITE SOCIALE;CAISSE NATIONALE MILITAIRE DE SECURITE SOCIALE;IND-16;Délai moyen de remboursement des feuilles de soins électroniques;Délai moyen de remboursement des feuilles de soins électroniques;performance;Temporel;jour;Unique Valeur;Evolution;Oui;mer 22/09/2021 - 03:30
Ministère de la Justice;Direction de la protection judiciaire de la jeunesse, Direction territoriale de la protection judiciaire de la jeunesse;IND-160;Délais moyen MJIE compris entre la date de réception de la mesure par le service désigné parle Magistrat et la date de prise en charge du jeune;Délai moyen de prise en charge pour la mesure judiciaire d’investigation éducative;performance;Temporel;jour;Multi Barres;Evolution;Oui;mer 22/09/2021 - 03:30
Ministère de la Justice;TRIBUNAL JUDICIAIRE;IND-176;Juges aux affaires familiales - divorce : durée moyenne;Durée moyenne d'une procédure de divorce;performance;Temporel;mois;Multi Barres;Evolution;Oui;mer 22/09/2021 - 03:30
CAISSE NATIONALE MILITAIRE DE SECURITE SOCIALE;CAISSE NATIONALE MILITAIRE DE SECURITE SOCIALE;IND-17;Délai moyen de remboursement des feuilles de soins papier;Délai moyen de remboursement des feuilles de soins papier;performance;Temporel;jour;Unique Valeur;Evolution;Oui;mer 22/09/2021 - 03:30
Ministère de la Justice;Direction de la protection judiciaire de la jeunesse, Direction territoriale de la protection judiciaire de la jeunesse;IND-161;Délais moyen Réparation pénale compris entre la date de réception de la mesure par le service désigné parle Magistrat et la date de prise en charge du jeune;Délai moyen de prise en charge concernant la réparation pénale;performance;Temporel;jour;Multi Barres;Evolution;Oui;mer 22/09/2021 - 03:30
Ministère de la Justice;TRIBUNAL JUDICIAIRE;IND-177;Juges aux affaires familiales - hors divorce : durée moyenne;Durée moyenne d'une procédure aux affaires familiales, hors divorce;performance;Temporel;mois;Multi Barres;Evolution;Oui;mer 22/09/2021 - 03:30
CAISSE NATIONALE MILITAIRE DE SECURITE SOCIALE;CAISSE NATIONALE MILITAIRE DE SECURITE SOCIALE;IND-18;Délai moyen de traitement des courriers;Délai moyen de traitement des courriers;performance;Temporel;jour;Unique Valeur;Evolution;Oui;mer 22/09/2021 - 03:30
Ministère de la Justice;Direction de la protection judiciaire de la jeunesse, Direction territoriale de la protection judiciaire de la jeunesse;IND-162;Délais moyen RRSE compris entre la date de réception de la mesure par le service désigné parle Magistrat et la date de prise en charge du jeune;Délai moyen de prise en charge concernant le recueil de renseignement socio-éducatif;performance;Temporel;jour;Multi Barres;Evolution;Oui;mer 22/09/2021 - 03:30
Ministère de la Justice;TRIBUNAL JUDICIAIRE;IND-178;Ordonnances de CRPC : durée moyenne entre l'arrivée au parquet et le classement;Délai moyen de traitement d'une ordonnance de CRPC;performance;Temporel;mois;Multi Barres;Evolution;Oui;mer 22/09/2021 - 03:30
CAISSE NATIONALE MILITAIRE DE SECURITE SOCIALE;CAISSE NATIONALE MILITAIRE DE SECURITE SOCIALE;IND-19;Délai moyen de traitement des mails;Délai moyen de traitement des mails;performance;Temporel;jour;Unique Valeur;Evolution;Oui;mer 22/09/2021 - 03:30
France services;Structure France services, France services;IND-131;Temps d'attente moyen avant la prise en charge par un agent;Temps d'attente moyen avant la prise en charge par un agent;performance;Temporel;minute;Multi Barres;Evolution;Oui;mer 22/09/2021 - 03:30
Ministère de la Justice;Bureau d'aide aux victimes, Conseils départementaux de l'accès au droit, SADJAV;IND-163;Délai de traitement des demandes d'aide juridictionnelle en jours;Délai de traitement des demandes d’aide juridictionnelle;performance;Temporel;jour;Multi Barres;Evolution;Oui;mer 22/09/2021 - 03:30
Ministère de la Justice;TRIBUNAL JUDICIAIRE;IND-179;Ordonnances pénales : durée moyenne entre l'arrivée au parquet et le classement;Délai moyen de traitement d'une ordonnance pénale;performance;Temporel;mois;Multi Barres;Evolution;Oui;mer 22/09/2021 - 03:30
Ministère de la Justice;TRIBUNAL JUDICIAIRE;IND-165;Baux moins de 10 000 euros : durée moyenne;Délai moyen d'une procédure (Baux < 10 000€);performance;Temporel;mois;Multi Barres;Evolution;Oui;mer 22/09/2021 - 03:30
Gendarmerie Nationale;COMGEND, Groupement de gendarmerie départementale;IND-6;Délai de prise en charge des demandes par la Brigade numérique (chat et réseaux sociaux);Délai moyen de prise en charge par la Brigade Numérique;performance;Temporel;minute;Multi Barres;Evolution;Oui;mer 22/09/2021 - 03:30
Ministère de la Justice;TRIBUNAL JUDICIAIRE;IND-166;Baux plus de 10 000 euros : durée moyenne;Délai moyen d'une procédure (Baux > 10 000€);performance;Temporel;mois;Multi Barres;Evolution;Oui;mer 22/09/2021 - 03:30
Ministère de la Justice;TRIBUNAL JUDICIAIRE;IND-167;Classement sans suite après procédure alternative : durée moyenne entre l'arrivée au parquet et le classement;Délai moyen de traitement d'un classement sans suite;performance;Temporel;mois;Multi Barres;Evolution;Oui;mer 22/09/2021 - 03:30
Ministère de la Justice;TRIBUNAL JUDICIAIRE;IND-168;Classement sans suite pour défaut, pour affaire poursuivable et pour inopportunité des poursuites : durée moyenne entre l'arrivee au parquet et le classement;Délai moyen de traitement d'un classement sans suite;performance;Temporel;mois;Multi Barres;Evolution;Oui;mer 22/09/2021 - 03:30
Ministère de la Justice;Casier judiciaire national;IND-153;Délai de délivrance des extraits de casier judiciaire aux personnes nées en France demandés par internet;Délai de délivrance des extraits de casier judiciaire - personnes nées en France;performance;Temporel;minute;Unique Valeur;Evolution;Oui;mer 22/09/2021 - 03:30
Ministère de la Justice;TRIBUNAL JUDICIAIRE;IND-169;Contentieux de la responsabilité (moins de 10 000 euros) : durée moyenne;Durée moyenne d'une procédure contentieux (;performance;Temporel;mois;Multi Barres;Evolution;Oui;mer 22/09/2021 - 03:30
MTE-MCTRCT;Prime à la conversion;IND-220;Age moyen du véhicule acquis;Age moyen du véhicule acquis;performance;Temporel;an;;Evolution;Oui;mar 21/09/2021 - 17:58
MTE-MCTRCT;Prime à la conversion;IND-225;Mesure de la satisfaction des usagers;Mesure de la satisfaction des usagers;satisfaction;Taux;%;;Evolution;Oui;mar 21/09/2021 - 17:58
CCMSA;MSA, CCMSA;IND-201;Vous êtes x% à être satisfaits de nos services en ligne;Taux de satisfaction relatif aux services en ligne;satisfaction;Taux;%;;Evolution;Oui;mar 21/09/2021 - 17:57
Ministère de la Culture;Portails en ligne, DRAC;IND-132;Taux de démarches accessibles en ligne;Taux de démarches accessibles en ligne;performance;Taux;%;;Evolution;Oui;mar 21/09/2021 - 17:48
