Code sp+ typologie;Intitulé de la typologie;Description de la typologie;Intitulé typologie usager court;Intitulé complet;Typologie parente;Maille;Moyens de contact;Mots-clés;Clés de tracking;Tags métiers
W5jVlarV2g;115;;115;115 (numéro d'urgence sociale);Réseau hors réseau;National;Téléphone;;;
3s4yqIA4t7;119;;119;Allô 119 (enfants en danger);Réseau hors réseau;National;Téléphone;119;;
1CXBuo2nby;3939;;Allô Service Public;Allô Service Public (3939);Réseau hors réseau;National;Téléphone;3939;;
hynG4ZjKWs;ACTION LOGEMENT;;ACTION LOGEMENT;ACTION LOGEMENT;Réseau hors réseau;National;Téléphone, E-mail, Démarche en ligne, Compte ou espace personnel;action-logement;;
p8Hfc4aCDZ;ADEME;;MINISTERE TRANSITION ECOLOGIQUE;Agence de la transition écologique (ADEME);MTE-MCTRCT;National;Téléphone, E-mail, Démarche en ligne, Compte ou espace personnel, Réseaux Sociaux, Tchat (messagerie instantanée);;;
t175uS2khN;Administration centrale du ministère de la Culture;;Administration centrale du ministère de la Culture;Administration centrale du ministère de la Culture;Ministère de la Culture;National;;;;
UUKx6KnpOu;Administration territoriale de l'Etat;;Préfectures;Préfectures et Administration territoriale de l'Etat;;National;;;;
RDmd9J571A;Afpa Accès à l'Emploi;;Afpa Accès à l'Emploi;Accès à l'Emploi AFPA (Agence nationale pour la formation professionnelle des adultes);Agence nationale pour l'amélioration des conditions de travail (Anact);National;Téléphone, Courrier, Démarche en ligne, Courrier, Compte ou espace personnel, Réseaux Sociaux;;;
jcVbgNcGwt;Afpa Entreprises;;Afpa Entreprises;Entreprises Afpa (Agence nationale pour la formation professionnelle des adultes);Agence nationale pour l'amélioration des conditions de travail (Anact);National;Téléphone, E-mail, Courrier, Démarche en ligne, Courrier, Compte ou espace personnel, Réseaux Sociaux;;;
cceFzWD5oO;Agence de services et de paiement (ASP);;ASP;Agence de Services et de Paiement (ASP);Ministère de l'Agriculture et de l'Alimentation;National;Accueil, Téléphone, E-mail, Courrier, Démarche en ligne, Courrier, Compte ou espace personnel, Réseaux Sociaux;;;
XQMFe6t8T5;Agence nationale pour l'amélioration des conditions de travail (Anact);;ANACT;Agence nationale pour l'amélioration des conditions de travail (Anact);Ministère du Travail, de l'Emploi et de l'Insertion;National;Accueil, Téléphone, E-mail, Courrier, Démarche en ligne, Courrier, Réseaux Sociaux;;;
uAPur4VQiY;Agence nationale pour la formation professionnelle des adultes;;Afpa;Agence nationale pour la formation professionnelle des adultes (AFPA);Ministère du Travail, de l'Emploi et de l'Insertion;National;Téléphone, E-mail, Courrier, Démarche en ligne, Courrier, Réseaux Sociaux;;;
VBk7hCR4zw;AGENCE POLE EMPLOI (APE);;POLE EMPLOI;Agence Pôle emploi (APE);DT POLE EMPLOI;Commune;Accueil, Téléphone, E-mail, Courrier, Démarche en ligne, Courrier, Compte ou espace personnel, Réseaux Sociaux;Pôle Emploi, pole emploi, conseiller formation, chomage, chômage;PE30_Push, PE34_push;Inscription et rendez-vous en ligne, Paiement des allocations, Demande d'allocations
40u6qHhYe2;AGENCE RELAIS POLE EMPLOI (RPE);;POLE EMPLOI;Agence Relais pôle Emploi (RPE);DT POLE EMPLOI;Commune;Accueil, Téléphone, E-mail, Courrier, Démarche en ligne, Courrier, Compte ou espace personnel, Réseaux Sociaux;;;
CbRQNgqWmV;Agence retraite;;Agence d'assurance retraite;Agence d'assurance retraite du régime général (retraite de base, obligatoire) et des travailleurs indépendants (retraite de base et complémentaire);Carsat;Département;Accueil, E-mail, Courrier, Démarche en ligne, Courrier, Compte ou espace personnel, Réseaux Sociaux, Tchat (messagerie instantanée), Visio/Video;;;
WlAVseIyJV;AGENCE SPECIALISEE POLE EMPLOI (APES);;POLE EMPLOI;Agence pôle Emploi spécialisée (APES);DT POLE EMPLOI;Commune;Accueil, Téléphone, E-mail, Courrier, Démarche en ligne, Courrier, Compte ou espace personnel, Réseaux Sociaux;;;
7EfJK9dyEc;AGIRC-ARRCO;;AGIRC-ARRCO RETRAITE;retraite complémentaire des salariés (AGIRC-ARRCO);;National;Accueil, Téléphone, E-mail, Courrier, Démarche en ligne, Courrier, Compte ou espace personnel, Tchat (messagerie instantanée), Patrouille;"agirc;arrco, retraite_complémentaire, AGIRC";;
aasEh86bV9;Agirpourlatransition.ademe.fr;;MINISTERE TRANSITION ECOLOGIQUE;agirpourlatransition.ademe.fr;ADEME;National;Téléphone, Démarche en ligne, Compte ou espace personnel, Réseaux Sociaux, Tchat (messagerie instantanée);;;
kaEVbyKo0q;Amendes.gouv.fr;;amendes.gouv.fr;amendes.gouv.fr;DGFIP;National;Démarche en ligne;;https://www.amendes.gouv.fr/tai/actu/1;paiement amende
vAjIgQajQN;ANAH;;ANAH;Agence nationale de l’habitat (ANAH);MTE-MCTRCT;National;Téléphone, E-mail, Courrier, Démarche en ligne, Courrier, Compte ou espace personnel, Réseaux Sociaux;;;
UAJ3nr9cVb;ANTAI;;Traitement des contraventions;Agence nationale de traitement automatisé des infractions;Services numériques du ministère de l'Intérieur;National;Courrier, Démarche en ligne, E-mail, Téléphone;;https://www.antai.gouv.fr;avis contravention
cQjmKnEHcw;ANTENNE PREFECTURE DE POLICE;;APP;Antenne Préfecture de Police de Paris;PREFECTURE DE POLICE DE PARIS;Région;Accueil, Téléphone, E-mail, Courrier, Démarche en ligne, Courrier;;;
Nqvg4kr9Hm;ANTS;;ANTS;Agence Nationale des Titres Sécurisés (ANTS);;National;Téléphone, E-mail, Courrier, Démarche en ligne, Courrier, Compte ou espace personnel, Réseaux Sociaux;ANTS, permis-conduire, permis, permis-de-conduire, cni, carte-identité, passeport, carte-grise, véhicule;ants_sn, ants_siv, ANTS_pull;Modifier / Refaire ma carte grise, Acheter un véhicule, Vendre mon véhicule, Prédemande de carte nationale d'identité ou de passeport, Demande de permis de conduire
TYP-15;Archives nationales;;Archives;Archives nationales;Administration centrale du ministère de la Culture;Commune;Accueil, Téléphone, E-mail, Courrier, Démarche en ligne, Courrier, Compte ou espace personnel, Réseaux Sociaux;;;
uD0K1NSO7f;Ars;;ARS- Santé;Agence régionale de santé (ARS);Réseau hors réseau;Région;Accueil, Téléphone, Courrier, Courrier, Compte ou espace personnel, Réseaux Sociaux;;;
jJV44th75c;Assurance retraite Ile de France;;CNAV IDF;Caisse nationale d'assurance vieillesse - Ile de France;CNAV;Région;Accueil, Téléphone, E-mail, Courrier, Démarche en ligne, Courrier, Compte ou espace personnel, Réseaux Sociaux, Tchat (messagerie instantanée), Visio/Video;;;
dy2Bi4r0Km;AUTRES DIRECTIONS ET SERVICES ACTIFS DE LA DGPN;;AUTRES DISA;Autres directions et services actifs de la Police nationaleDIRECTIONS ET SERVICES ACTIFS DE LA DGPN;POLICE NATIONALE;National;;;;
TYP-16;Bibliothèques nationales;;Bibliothèques;Bibliothèques nationales;Administration centrale du ministère de la Culture;Commune;Accueil, Téléphone, E-mail, Courrier, Démarche en ligne, Courrier, Compte ou espace personnel, Réseaux Sociaux;;;
TYP-8;Bibliothèques universitaires;;BU;Bibliothèques universitaires;Services de  documentation des universités et écoles de l'enseignement supérieur;Autre;;;;
daB9PInzH6;Bloctel;;bloctel.gouv.fr;Bloctel, liste d'opposition au démarchage téléphonique;Réseau hors réseau;National;Compte ou espace personnel;Bloctel, bloctel.gouv, opposition-démarchage-téléphonique;;
yFHZM5Qfjc;Brigade de gendarmerie;;Gendarmerie Nationale;Brigade de gendarmerie;Région de Gendarmerie;Commune;Accueil, Téléphone, E-mail, Courrier, Démarche en ligne, Courrier, Réseaux Sociaux, Tchat (messagerie instantanée), Patrouille;;test;Dépôt de plainte en Gendarmerie, Signature de la pré-plainte en gendarmerie
n8JK8UVVax;Brigade de surveillance extérieure BSE;;DOUANES;Brigade de surveillance extérieure (BSE);Division;Département;Accueil, Téléphone, E-mail, Courrier, Courrier, Patrouille;;;
nHO9bbbPMn;Brigade de surveillance intérieure BSI;;DOUANES;Brigade de surveillance intérieure (BSI);Division;Département;Accueil, Téléphone, E-mail, Courrier, Courrier, Patrouille;;;
HAL2fkcVKs;BRIGADE DES DELEGATIONS ET ENQUETES DE PROXIMITE;;BDEP;Brigade des Délégations et des Enquêtes de Proximité (BDEP);CIRCONSCRIPTION DE SECURITE DE PROXIMITE;Commune;Accueil, Téléphone, E-mail, Courrier, Courrier;;;
cEWZMS3hJS;BRIGADE DES RESEAUX FRANCILIENS;;BRF;Brigade des Réseaux franciliens (BRF);SOUS DIRECTION REGIONALE DE LA POLICE DES TRANSPORTS;Autre;Accueil, Téléphone, E-mail, Courrier, Courrier, Patrouille;;;
yB01j08L8h;BRIGADE D’ASSISTANCE AUX PERSONNES SANS ABRIS;;BAPSA;Brigade d'Assistance aux Personnes Sans Abris (BAPSA);SOUS DIRECTION DES SERVICES SPECIALISES;Commune;Accueil, Téléphone, E-mail, Courrier, Courrier, Patrouille;;;
o4ttoxXVOU;BRIGADE LOCALE DE PROTECTION DES FAMILLES;;BLPF;Brigade locale de Protection des Familles (BLPF);CIRCONSCRIPTION DE SECURITE DE PROXIMITE;Autre;Accueil, Téléphone, E-mail, Courrier, Courrier;;;
r5vxTOmJsD;Bureau d'aide aux victimes;;BAV;Bureau d'aide aux victimes (BAV);SADJAV;Autre;Accueil, Téléphone, E-mail, Courrier, Courrier;;;
haEPZ8Woxh;Bureau de douane;;DOUANES;Bureau de douane;Division;Département;Accueil, Téléphone, E-mail, Courrier, Courrier;;;
fkFWSrwRWS;Bureau de douane postal;;DOUANES;Bureau de douane postal;Division;Département;Téléphone, E-mail, Courrier, Courrier;;;
RQ31PaDUGA;BUREAU DE POLICE;;BP;Commissariat de Police (Bureau de Police);CIRCONSCRIPTION DE SECURITE PUBLIQUE;Autre;Accueil, Téléphone, E-mail, Courrier, Courrier, Patrouille;;;
8GdvbEKreR;Bureau énergies;;DOUANES;Bureau énergies;Division;Département;Accueil, Téléphone, E-mail, Courrier, Courrier;;;
wtog7f63gw;Cadastre.gouv.fr;;cadastre.gouv.fr;cadastre.gouv.fr;DGFIP;National;Démarche en ligne, Téléphone;cadastre, cadastre.gouv.fr;;
IYnfFGAwRk;CAF;;CAF;Caisse d'Allocations familiales (CAF);CNAF;Département;Accueil, Téléphone, E-mail, Courrier, Démarche en ligne, Courrier, Compte ou espace personnel, Réseaux Sociaux, Tchat (messagerie instantanée), Visio/Video;CAF, caisse-allocation, caisse-d'allocation;prime-activité, post-rdv, groupe-témoin, Caf-Gard, post_rdv, Caf34_push, Caf34_site, accueil_caf30, CAF_pull, CAF_pushmail;Avis de changement de situation pour les prestations familiales, Déclaration trimestrielle prime d'activité, Déclaration trimestrielle RSA, Demande de prime d'activité - Caf, Aide au logement étudiant : demande en ligne, Demande d'allocation logement en ligne, Demande complémentaire pour les non-salariés (RSA), Demande de Revenu de Solidarité Active (RSA), Demande d'allocation journalière de présence parentale, Demande d'allocation de soutien familial (ASF), Prestation partagée d'éducation de l'enfant (PreParE), Complément de libre choix du mode de garde (Cmg), Allocations et prestations familiales - Déclaration de situation et/ou ressources, Demande de complément de libre choix de mode de garde - Prestation d'accueil du jeune enfant (Paje), Déclaration de ressources CAF - Année N-1
TYP-22;Caisse des Français de l’étranger (CFE);;CFE;Caisse des Français de l’étranger (CFE);;National;Compte ou espace personnel, Courrier, Démarche en ligne, E-mail, Téléphone;;;
TYP-28;Caisse nationale de retraites des agents des collectivités locales (CNRACL);;Caisse nationale de retraites des agents des collectivités locales (CNRACL);Caisse nationale de retraites des agents des collectivités locales (CNRACL);;National;Accueil, Compte ou espace personnel, Courrier, Démarche en ligne, E-mail, Téléphone;;;
65Vhd0zsfM;CAISSE NATIONALE MILITAIRE DE SECURITE SOCIALE;;CNMSS;Caisse national militaire de Sécurité sociale (CNMSS);;National;Accueil, E-mail, Démarche en ligne, Compte ou espace personnel;CNMSS;;
dDEcdH6Far;Caisse régionale URSSAF;;URSSAF;Caisse régionale URSSAF (Union de recouvrement des cotisations de Sécurité sociale et d'allocations familiales);Direction nationale - URSSAF;Autre;Accueil, Téléphone, E-mail, Courrier, Démarche en ligne, Courrier, Compte ou espace personnel, Réseaux Sociaux;urssaf, centre de formalités des entreprises, CFE, CESU, PAJEMPLOI;URSSAF_LR_site, URSSAF_LR_push;
TYP-9;CAMIEG : Caisse d'assurance maladie des industries électriques et gazières;;CAMIEG;Caisse d'assurance maladie des industries électriques et gazières;Réseau hors réseau;National;Accueil, Téléphone, E-mail, Courrier, Démarche en ligne, Courrier, Compte ou espace personnel, Tchat (messagerie instantanée);;;
gJM3j8stbz;Candilib;;Candilib;Candilib (plateforme de réservation de date d'examen du permis de conduire);Services numériques du ministère de l'Intérieur;National;Démarche en ligne;;;
A3fir4v2OU;Carsat;;CARSAT-Retraite;Caisse d’assurance retraite et de la santé au travail (CARSAT);CNAV;Région;Accueil, Compte ou espace personnel, Courrier, Démarche en ligne, E-mail, Tchat (messagerie instantanée), Téléphone;caisse-de-retraite, retraite, Carsat;slid_voxusagers, carsatlr_courriels, carsatlr_mails-type, carsatlr_push-mail, carsatlr, ban_voxusagers, qrcode_carsat, CNAV push DRL, CARSAT MAIL ET TEL, CNAVPostRDVEIR, CNAVRegularisationCarriere, CNAVDossierPapierDP, CNAVReversionEnLigne, CNAVDossierPapierDD, CNAVEntreprises, CNAVRdvRetraiteAA, CNAV-info-collectives, CNAV-evenements-partenaires;
j0bkAxpP0t;Casier judiciaire national;;Casier judiciaire;Casier judiciaire national;Direction des affaires criminelles et des grâces;National;Téléphone, E-mail, Courrier, Démarche en ligne, Courrier;casier-judiciaire, extrait-de-casier;;
5gqBkeaEHJ;CCMSA;;MSA;Mutualité sociale agricole - caisse régionale (MSA);;National;;;;
WczQmU25c9;CCSP;;contentieux stationnement payant;Commission du contentieux du stationnement payant;;National;E-mail, Courrier, Démarche en ligne, Courrier, Compte ou espace personnel;commission du contentieux stationnement payant, CCSP, contentieux-stationnement;;
XmWkCBvdoy;CDC_compteformation;;Mon compte formation;Mon compte formation;Ministère du Travail, de l'Emploi et de l'Insertion;National;Téléphone, E-mail, Courrier, Démarche en ligne, Courrier, Compte ou espace personnel;;;
xp0mU0qiYT;Cdg;;CDG- Fonction publique territoriale;Centre de gestion de la fonction publique territoriale;Réseau hors réseau;National;Accueil, Téléphone, Courrier, Courrier, Compte ou espace personnel;;;
d1xLy3h76m;Centre de coopération policière et douanière CCPD;;DOUANES;Centre de coopération policière et douanière (CCPD);Pôle d'orientation des contrôles POC;Région;Accueil, Téléphone, E-mail, Courrier, Courrier, Patrouille;;;
tSP2jJ0LSs;Centre de dédouanement postal CDP;;DOUANES;Centre de dédouanement postal (CDP);Division;Département;Téléphone, E-mail, Courrier, Courrier;;;
3J9VaW6A9c;Centre des Impôts Foncier;;Impôts;Centre des Impôts Foncier;DIR DEPT FINANCES PUBLIQUES;Commune;Accueil, Téléphone, E-mail, Courrier, Courrier, Visio/Video;;;
QUZlXV11fo;Centre du service national et de la jeunesse;;Service national;Centre du service national et de la jeunesse (CSNJ);Etablissement du Service National et de la Jeunesse;Région;Accueil, Compte ou espace personnel, Courrier, Démarche en ligne, E-mail, Téléphone;service-national;;
nnzdgI56Kt;Centre du service national et de la jeunesse - Outre-mer-;;Service national;Centre du service national et de la jeunesse - Outre-mer - (CSNJ);Etablissement du Service National et de la Jeunesse;Région;Accueil, Téléphone, E-mail, Courrier, Démarche en ligne, Courrier;service-national;;
YQgEpP0ipP;Centre informatique douanier CID;;DOUANES;Centre informatique douanier CID;DGDDI;National;Accueil, Téléphone, E-mail, Courrier, Démarche en ligne, Courrier;;;
PjcdFcHWQZ;Centre national CEA;;Chèque emploi - CEA;Chèque emploi associatif (CEA);Direction nationale - URSSAF;National;Téléphone, E-mail, Courrier, Démarche en ligne, Courrier, Compte ou espace personnel, Réseaux Sociaux;;;
avMZTGSKwL;Centre national CESU;;Chèque emploi -CESU;Chèque emploi service universel (CESU);URSSAF;National;Téléphone, E-mail, Courrier, Démarche en ligne, Courrier, Compte ou espace personnel, Réseaux Sociaux;CESU, Chèque emploi;;
BnRqWhIPPf;Centre national PAJEMPLOI;;PAJEMPLOI;Pajemploi;Direction nationale - URSSAF;National;Téléphone, E-mail, Courrier, Démarche en ligne, Courrier, Compte ou espace personnel, Réseaux Sociaux;PAJEMPLOI, Pajemploi;;
KVf1GspaOV;Centre national TESE;;Titre emploi  - TESE;Titre emploi service entreprise (TESE);Direction nationale - URSSAF;National;Téléphone, E-mail, Courrier, Démarche en ligne, Courrier, Compte ou espace personnel, Réseaux Sociaux;Titre emploi service entreprise, TESE;;
w8XmfeXaaZ;CGSS Assurance Maladie;;Assurance Maladie;Caisse générales de Sécurité sociale (CGSS) - Assurance maladie Outre Mer -;CNAM;Département;Accueil, Téléphone, E-mail, Courrier, Démarche en ligne, Courrier, Compte ou espace personnel, Réseaux Sociaux, Tchat (messagerie instantanée);;;
LzVftCEcM8;CGSS RETRAITE;;CGSS-Assurance Retraite Régime Général;Caisse générale de sécurité sociale- Retraite (CGSS);CNAV;Département;Accueil, Téléphone, E-mail, Courrier, Démarche en ligne, Courrier, Compte ou espace personnel, Visio/Video;;;
ibDytbPEeF;Chambre_agriculture;;Chambre d'agriculture;Chambre d’agriculture;Réseau hors réseau;National;Accueil, Téléphone, Courrier, Démarche en ligne, Courrier, Compte ou espace personnel;;;
px6nD0FJNp;Chambre_metier;;Chambre de métiers et de l'artisanat;Chambre de métiers et de l’artisanat;Réseau hors réseau;National;Accueil, Téléphone, Courrier, Courrier, Compte ou espace personnel;;;
STVBaXMP4L;Chèque énergie;;chèque énergie;Chèque énergie;DGEC;National;Téléphone, E-mail, Démarche en ligne;Chèque énergie;ce_push;"chèque énergie;, demande de chèque énergie"
bJ2vr8Brhy;Chorus Pro;;Chorus Pro;chorus-pro.gouv.fr;Réseau hors réseau;National;Téléphone, E-mail, Démarche en ligne, Tchat (messagerie instantanée);chorus;;
EsdCJDXv9I;CIPAV;;CIPAV;CIPAV;Réseau hors réseau;National;Accueil, Téléphone, Compte ou espace personnel;CIPAV;;
cEN2vlfBjt;CIRCONSCRIPTION DE SECURITE DE PROXIMITE;;CSPROX;Circonscription de Sécurité de Proximité (CSPROX);DIRECTION TERRITORIALE DE SECURITE DE PROXIMITE;Autre;Accueil, Téléphone, E-mail, Patrouille;;;
JAUrtyyLD0;CIRCONSCRIPTION DE SECURITE PUBLIQUE;;CSP;Circonscription de Sécurité publique;DIRECTION DEPARTEMENTALE DE LA SECURITE PUBLIQUE;Autre;Accueil, Téléphone, E-mail, Courrier, Courrier, Patrouille;;;
diinRY0Xwe;CITES;;MINISTERE TRANSITION ECOLOGIQUE;Convention sur le commerce international des espèces de faune et de flore sauvages menacées d'extinction;MTE-MCTRCT;National;Démarche en ligne, Compte ou espace personnel;;;
VxMVtAhiJy;CNAF;;CAF;Caisse nationale des Allocations familiales (CNAF);;National;Téléphone, E-mail, Démarche en ligne, Compte ou espace personnel;;;
rPopoQshad;CNAM;;Assurance Maladie;Caisse Nationale d'Assurance Maladie (CNAM);;National;Accueil, Compte ou espace personnel, Courrier, Démarche en ligne, E-mail, Réseaux Sociaux, Tchat (messagerie instantanée), Téléphone;Ameli;;
yqw9unvNGM;CNAREFE;;Assurance Maladie;Centre national des Retraités de France à l'Etranger (CNAREFE) - Assurance maladie -;CNAM;National;Accueil, Téléphone, E-mail, Courrier, Démarche en ligne, Courrier, Compte ou espace personnel, Réseaux Sociaux, Tchat (messagerie instantanée);retraité etranger;;
QNzcqBJe70;CNAV;;Caisse nationale d'assurance vieillesse;Caisse nationale d'Assurance vieillesse (CNAV);;National;Accueil, Téléphone, E-mail, Courrier, Démarche en ligne, Courrier;;;
QJl5CHD1qR;CNIL;;CNIL;Commission nationale de l'informatique et des libertés (CNIL);Réseau hors réseau;National;Téléphone, Courrier, Démarche en ligne, Courrier, Compte ou espace personnel;CNIL;;
7NaypB529L;Collectivités territoriales - Communes;;Communes;Collectivités territoriales - Communes (Mairie);;National;Accueil, Téléphone, E-mail, Courrier, Courrier, Réseaux Sociaux;mairie, Maire, agent municipal;;
P0JFvyNJQI;Collectivités territoriales - Départements;;Départements;Collectivités territoriales - Départements;;National;Accueil, Téléphone, E-mail, Courrier, Démarche en ligne, Courrier, Compte ou espace personnel;;;
ZWDLE99XsJ;Collectivités territoriales - Régions;;Régions;Collectivités territoriales - Régions (conseils régionaux);;Région;Accueil, Téléphone, Courrier, Démarche en ligne, Courrier, Compte ou espace personnel;;;
JA9akFdHN0;COMGEND;;Gendarmerie Nationale;Commandant de la gendarmerie pour la Nouvelle-Calédonie et les îles Wallis et Futuna (COMGEND);Commandement de la gendarmerie outre-mer;Région;Accueil, Téléphone, E-mail, Courrier, Démarche en ligne, Courrier, Réseaux Sociaux, Tchat (messagerie instantanée), Patrouille;;;
MfM8NpjOas;Commandement de la gendarmerie outre-mer;;Gendarmerie Nationale;Commandement de la gendarmerie outre-mer;Gendarmerie Nationale;National;Accueil, Téléphone, E-mail, Courrier, Démarche en ligne, Courrier, Réseaux Sociaux;;;
mQ59bIRKqF;COMMISSARIAT DE POLICE;;CP;Commissariat de Police;CIRCONSCRIPTION DE SECURITE PUBLIQUE;Autre;Accueil, Téléphone, E-mail, Courrier, Courrier, Compte ou espace personnel, Patrouille;police, policier, commissariat, police nationale, policiers, comissariat;DDSP_push, DDSP34_push;
QtMoOZFpmL;COMMISSARIAT DE POLICE DE PROXIMITE;;CPP;Commissariat de Police de proximité;CIRCONSCRIPTION DE SECURITE DE PROXIMITE;Autre;Accueil, Téléphone, E-mail, Courrier, Courrier, Patrouille;;;
Qb2NARR6xN;COMMISSARIAT DE SECTEUR;;CS;Commissariat de Police (de secteur);DIVISION DE SECURITE PUBLIQUE;Autre;Accueil, Téléphone, E-mail, Courrier, Courrier, Patrouille;;;
bMxNSNwwyJ;COMMISSARIAT DIVISIONNAIRE;;CD;Commisariat de Police (divisionnaire);DIVISION DE SECURITE PUBLIQUE;Autre;Accueil, Téléphone, E-mail, Courrier, Courrier, Patrouille;;;
TYP-23;Composante de l'université;;Composante université;Faculté, institué et autres composantes de l'université;Université;Commune;Accueil, Téléphone, E-mail, Courrier, Courrier;;;
s5MFp5Iu3f;Compte association;;Compte association;lecompteasso.associations.gouv.fr;Réseau hors réseau;National;E-mail, Démarche en ligne, Compte ou espace personnel;lecompteasso.associations.gouv.fr;;
4x08guxC41;CONSEIL DES PRUD'HOMMES;;CPH;Conseil de prud'hommes (CPH);COUR D'APPEL;Département;Accueil, Téléphone, E-mail, Courrier, Courrier;;;
bLFYwh9YKI;Conseils départementaux de l'accès au droit;;CDAD;Conseils départementaux de l'accès au droit (CDAD);SADJAV;Département;;;;
eGxQ9zFIw9;COUR D'APPEL;;CA;Cour d'appel (CA);Direction des services judiciaires;Région;Accueil, Téléphone, E-mail, Courrier, Courrier;;;
LAB4M5Nouh;COUR DE CASSATION;;CC;Cour de cassation (CC);Direction des services judiciaires;National;;;;
49XDHPawXE;CPAM;;Assurance Maladie;Caisse Primaire d'Assurance Maladie (CPAM) - Assurance maladie -;CNAM;Département;Accueil, Téléphone, E-mail, Courrier, Démarche en ligne, Courrier, Compte ou espace personnel, Réseaux Sociaux, Tchat (messagerie instantanée);CPAM, compte-ameli, Assurance-Maladie;CPAM30_push, CPAM34_push;Attestation de droits, Envoi d'une feuille de soin, Déclaration de la perte/vol/dysfonctionnement de la carte vitale, Carte européenne d'assurance maladie, Franchises et participations forfaitaires
KnijzbaxBI;Crit'air;;crit'air;Crit'air;DGEC;National;Téléphone, E-mail, Courrier, Démarche en ligne, Courrier, Compte ou espace personnel;;;
tGYl9FQUCK;CROUS;;CROUS;Centre régional des Œuvres universitaires et scolaires  (CROUS);LES CROUS;Région;Accueil, Compte ou espace personnel, Courrier, Démarche en ligne, E-mail, Réseaux Sociaux, Téléphone;CROUS, CVEC, restaurant-universitaire, resto-u;;
x5q3hyGMgR;CSS  Retraite;;CSSM;Caisse de Sécurité Sociale de Mayotte (CSSM);CNAV;Département;Accueil, Téléphone, E-mail, Courrier, Démarche en ligne, Courrier, Compte ou espace personnel, Réseaux Sociaux, Tchat (messagerie instantanée), Visio/Video;;;
o9bFJgCMty;DEAL;;MINISTERE TRANSITION ECOLOGIQUE;Direction Environnement, Aménagement et Logement (DEAL);MTE-MCTRCT;Région;Accueil, Téléphone, E-mail, Courrier, Courrier;;;
Hl36fOIiL9;Defenseur des droits;;Défenseur des droits;Défenseur des droits;Réseau hors réseau;National;Accueil, Téléphone, Démarche en ligne;défenseur des droits;;
YyPXcviZ0F;Délégation interrégionale;;DGFIP;Délégation interrégionale de la Direction générale des Finances publiques (DGFIP);DGFIP;Interrégional;;;;
jRiwPkZ0Ao;Demande-logement-social.gouv.fr;;demande-logement-social.gouv.fr;demande-logement-social.gouv.fr;MTE-MCTRCT;National;Téléphone, E-mail, Démarche en ligne;;;
sY0Snjm4Tn;Démarches simpliées;;Démarches simpliées;demarches-simplifiees.fr;Direction interministérielle du Numérique (DINUM);National;Démarche en ligne, Téléphone;;;
VuFtW2dksl;Département des statistiques et des études du commerce extérieur DNSCE;;DOUANES;Département des statistiques et des études du commerce extérieur (DNSCE);DGDDI;National;Accueil, Téléphone, E-mail, Courrier, Courrier;;;
TYP-13;DGAC;;Aviation civile;Direction générale de l’aviation civile;MTE-MCTRCT;National;;;;
IKb1yweTYZ;DGAFP;;DGFAP;Direction Générale de l'Administration et de la Fonction Publique;Réseau hors réseau;National;Compte ou espace personnel;Espace candidat fonction publique, Place de l'apprentissage et des stages, Place de l'emploi public;;
TYP-11;DGALN;;DGALN;Direction générale de l'aménagement, du logement et de la nature;MTE-MCTRCT;National;;;;
uLqhWWud1a;DGCCRF;;DGCCRF;Direction générale de la Concurrence, de la Consommation et de la Répression des Fraudes (DGCCRF);;National;Compte ou espace personnel, Courrier, Démarche en ligne, Réseaux Sociaux, Téléphone;;;
xIkIhZg5zZ;DGDDI;;DOUANES;Direction générale des Douanes et Droits indirects (DGDDI);;National;Accueil, Téléphone, E-mail, Courrier, Démarche en ligne, Courrier, Réseaux Sociaux, Visio/Video;douanes, douane;;
83zN9qboNX;DGEC;;MINISTERE TRANSITION ECOLOGIQUE;Direction générale de l'Energie et du Climat  (DGEC);MTE-MCTRCT;National;;;;
9JNzAET9RL;DGFIP;;DGFIP;Direction générale des Finances publiques (DGFIP);;National;Accueil, Compte ou espace personnel, Courrier, Démarche en ligne, E-mail, Téléphone;;DDFIP30_push, DDFIP34_push, DGFiP/BanniereImpots.gouv;
TYP-12;DGITM;;DGITM;Direction générale des infrastructures, des transports et de la mer;MTE-MCTRCT;National;;;;
TYP-10;DGPR;;Prévesion des risques;Direction générale de la prévention des risques;MTE-MCTRCT;National;;;;
G6r5LKP123;DGTM;;MINISTERE TRANSITION ECOLOGIQUE;Direction général des Territoires et de la Mer;MTE-MCTRCT;Région;Accueil, Téléphone, E-mail, Courrier, Courrier;;;
Xao3TgpGuA;DIR DEPT FINANCES PUBLIQUES;;DGFIP;Direction départementale des Finances publiques;Délégation interrégionale;Département;Accueil, Compte ou espace personnel, Courrier, Démarche en ligne, E-mail, Tchat (messagerie instantanée), Téléphone;;;
mNSwHoIrX0;DIR REGION FINANCES PUBLIQUES;;DGFIP;Direction départementale des Finances publique - DIR -;Délégation interrégionale;Département;;;;
8y0JxLOTca;Direccte;;DIRRECCTE - Entreprises, Travail;Direction régionale des entreprises, concurrence, consommation, travail emploi;Réseau hors réseau;National;Accueil, Téléphone, Courrier, Courrier, Compte ou espace personnel;;;
oPXupgmG4m;DIRECTION CENTRALE DE LA SECURITE PUBLIQUE;;DCSP;Direction centrale de la Sécurité publiqueECURITE PUBLIQUE;POLICE NATIONALE;National;;;;
s5bb63MMum;Direction de l'administration pénitentiaire;;DAP;Direction de l'administration pénitentiaire;Ministère de la Justice;National;Accueil, Courrier, E-mail, Téléphone;;;
pznrxnE4zq;Direction de l'alimentation, de l'agriculture et de la forêt en Outre-mer (DAAF);;DAAF;Direction de l'Alimentation, de l'Agriculture et de la Forêt en Outre-mer (DAAF);Ministère de l'Agriculture et de l'Alimentation;Autre;Accueil, Téléphone, E-mail, Courrier, Démarche en ligne, Courrier;;;
hkLjVlTDYC;Direction de l'information légale et administration publique (DILA);;DILA;Direction de l'Information légale et administative (DILA);;National;;;;
huW8x9nxuF;Direction de la protection judiciaire de la jeunesse;;DPJJ;Direction de la protection judiciaire de la jeunesse (DPJJ);Ministère de la Justice;National;Accueil, Courrier, E-mail, Téléphone;;;
SNkrZbb50f;DIRECTION DE LA SECURITE DE PROXIMITE DE L’AGGLOMERATION PARISIENNE;;DSPAP;Direction de la Sécurité de Proximité de l'Aglomération parisienne (DSPAP)ITE DE L’AGGLOMERATION PARISIENNE;PREFECTURE DE POLICE DE PARIS;Région;;;;
7opIIkbB5v;DIRECTION DE LA SECURITE PUBLIQUE;;DDSP;Direction départementale de la Sécurité publique (DDSP - direction));DIRECTION ZONALE DE LA SECURITE PUBLIQUE;Département;Accueil, Téléphone, E-mail, Courrier, Courrier, Patrouille;;;
6MkBD9RtqF;Direction départementale de l'emploi, du travail et des solidarités;;DDETS;Direction départementale de l'Emploi, du Travail et des Solidarités (DDETS);MI-ATE-départemental;Département;Accueil, Téléphone, E-mail, Courrier, Démarche en ligne, Courrier, Réseaux Sociaux;;;
UC3ajArAIh;Direction départementale de l'emploi, du travail et des solidarités et de la protection des populations;;DDETS-PP;Direction départementale de l'Emploi, du Travail et des Solidarités et de la Protection des Populations (DDETS-PP);MI-ATE-départemental;Département;Accueil, Téléphone, E-mail, Courrier, Démarche en ligne, Courrier, Réseaux Sociaux;;;
u0HD8kYhBY;Direction départementale de la protection des populations;;DDPP;Direction départementale de la Protection des Populations (DDPP);MI-ATE-départemental;Département;Accueil, Téléphone, E-mail, Courrier, Démarche en ligne, Courrier, Réseaux Sociaux;;DDPP30_push, DDPP34_push;Agrément sanitaire, Déclarer une activité professionnelle en lien avec des animaux de compagnie
amHofSPdoN;DIRECTION DEPARTEMENTALE DE LA SECURITE PUBLIQUE;;DDSP;Direction départementale de Sécurité publique (DDSP);DIRECTION ZONALE DE LA SECURITE PUBLIQUE;Département;Accueil, Téléphone, E-mail, Courrier, Courrier, Patrouille;;;
QiKd1SterB;Direction départementale des territoires;;DDT;Direction départementale des Territoires (DDT);MI-ATE-départemental;Département;Accueil, Téléphone, E-mail, Courrier, Démarche en ligne, Courrier, Réseaux Sociaux;;;
JNudKLuKfJ;Direction départementale des territoires et de la mer;;DDTM;Direction départementale des territoires et de la mer;MI-ATE-départemental;Département;Accueil, Téléphone, E-mail, Courrier, Démarche en ligne, Courrier, Réseaux Sociaux;DDT, DDTM, Direction départementale des territoires et de la mer , Direction départementale des territoires;DDTM30_push, DDTM34_push;
Ha8tdswviA;Direction des affaires criminelles et des grâces;;DACG;Direction des Affaires criminelles et des Grâces (DACG);Ministère de la Justice;National;Accueil, Courrier, E-mail, Téléphone;;;
4suNy6LRd3;Direction des grandes entreprises;;IMPÔTS;Direction des grandes entreprises;Délégation interrégionale;National;Accueil, Téléphone, E-mail, Courrier, Courrier;;;
FEherylgYl;Direction des impôts des non résidents;;IMPÔTS;Direction des impôts des non résidents;Délégation interrégionale;National;Accueil, Téléphone, E-mail, Courrier, Courrier;;;
rAWcgnkrb3;Direction des services judiciaires;;DSJ;Direction des services judiciaires (DSJ);Ministère de la Justice;National;Accueil, Courrier, E-mail, Téléphone;;;
hPSF6BiZMX;Direction générale de l'administration;;DGA;Direction générale de l'Administration (DGA);MI-ATE-départemental;Département;Accueil, Téléphone, E-mail, Courrier, Démarche en ligne, Courrier, Réseaux Sociaux;;;
EYjqjjt1JU;Direction générale de l'enseignement et de la recherche au Ministère de l'agriculture et de l'alimentation;;Enseignement agricole;Enseignement agricole;Ministère de l'Agriculture et de l'Alimentation;National;Accueil, Téléphone, E-mail, Courrier, Démarche en ligne, Courrier;;;
T2FIdTh9cp;Direction interministérielle du Numérique (DINUM);;DINUM;Direction interministérielle du Numérique (DINUM);;National;Accueil, Compte ou espace personnel, Courrier, Démarche en ligne, E-mail, Tchat (messagerie instantanée), Téléphone, Visio/Video;;;
FtaNDhXI94;Direction interrégionale de la protection judiciaire de la jeunesse;;DIR;Direction interrégionale de la protection judiciaire de la jeunesse;Direction de la protection judiciaire de la jeunesse;Interrégional;Accueil, Courrier, E-mail, Téléphone;;;
rQEWoMR8rT;Direction interrégionale des services pénitentiaires;;DISP;Direction interrégionale des services pénitentiaires (DISP);Direction de l'administration pénitentiaire;Interrégional;Accueil, Courrier, E-mail, Téléphone;;;
kIGzCw6FnR;Direction interrégionale DI;;DOUANES;Direction interrégionale des Douanes (DI);DGDDI;Interrégional;Accueil, Téléphone, E-mail, Courrier, Démarche en ligne, Courrier, Visio/Video;;;
3GEWrC9gk4;Direction nationale - URSSAF;;URSSAF;Direction nationale des URSSAF (Union de recouvrement des cotisations de Sécurité sociale et d'allocations familiales);URSSAF;National;Accueil, Téléphone, E-mail, Courrier, Démarche en ligne, Courrier, Compte ou espace personnel, Tchat (messagerie instantanée);;;
DbMREPFixZ;Direction nationale du recrutement et de la formation professionnelle DNRFP;;DOUANES;Direction nationale du recrutement et de la formation professionnelle (DNRFP);DGDDI;National;Accueil, Téléphone, E-mail, Courrier, Courrier;;;
EvT9oTaog8;DIRECTION OU SERVICE ACTIF DE LA DGPN;;DISA;Direction ou Service actif de la Police nationale;AUTRES DIRECTIONS ET SERVICES ACTIFS DE LA DGPN;National;;;;
edemGthFFc;Direction régionale de l'alimentation, de l'agriculture et de la forêt (DRAAF);;DRAAF;Direction régionale de l'Alimentation, de l'Agriculture et de la Forêt (DRAAF);Ministère de l'Agriculture et de l'Alimentation;Région;Accueil, Téléphone, E-mail, Courrier, Démarche en ligne, Courrier;;;
UnhSRaUS3x;Direction régionale DR;;DOUANES;Direction régionale des douanes;DGDDI;Région;Accueil, Courrier, E-mail, Téléphone, Visio/Video;;DGDDI;
n05b7jjXM1;Direction territoriale;;DT;Direction territoriale de la protection judiciare de la jeunesse;Direction interrégionale de la protection judiciaire de la jeunesse;Département;;;;
Y0BhKaWOTh;DIRECTION TERRITORIALE DE LA POLICE NATIONALE;;DDSP;Direction départementale de la Sécurité publique (DDSP - territoriale)EPARTEMENTALE DE LA SECURITE PUBLIQUE;DIRECTION ZONALE DE LA SECURITE PUBLIQUE;Département;Accueil, Téléphone, E-mail, Courrier, Courrier, Patrouille;;;
1lMPox4qVo;Direction territoriale de la protection judiciaire de la jeunesse;;DT;Direction territoriale de la protection judiciaire de la jeunesse;Direction interrégionale de la protection judiciaire de la jeunesse;Région;;;;
w14Urv2Zed;DIRECTION TERRITORIALE DE SECURITE DE PROXIMITE;;DTSP;Direction territoriale de la Sécurité de Proximité (DTSP);DIRECTION DE LA SECURITE DE PROXIMITE DE L’AGGLOMERATION PARISIENNE;Département;Courrier, Courrier;;;
4Q08fnS0LE;DIRECTION ZONALE DE LA SECURITE PUBLIQUE;;DZSP;Direction zonale de la Sécurité publique (DZSP);DIRECTION CENTRALE DE LA SECURITE PUBLIQUE;Autre;;;;
nqywyZD4bU;DITP;;DITP;Direction Interministerielle de la Transformation publique (DITP);;National;Accueil, Téléphone, E-mail, Courrier, Démarche en ligne, Courrier, Compte ou espace personnel, Réseaux Sociaux, Visio/Video;;;
HmWab3F6nj;Division;;DOUANES;Division;Direction régionale DR;Département;Accueil, Téléphone, E-mail, Courrier, Courrier;;;
1coGcuXfDf;DIVISION DE SECURITE PUBLIQUE;;DSP;Division de Sécurité publique;CIRCONSCRIPTION DE SECURITE PUBLIQUE;Autre;;;;
STU9f9epf6;DR POLE EMPLOI;;POLE EMPLOI;Direction Régionale de Pôle emploi (DR);POLE EMPLOI;Région;Téléphone, E-mail, Courrier, Courrier, Réseaux Sociaux;;;
3JQj59b6T6;DRAC;;DRAC;Directions régionales des Affaires culturelles (DRAC);Administration centrale du ministère de la Culture;Région;Accueil, Courrier, Démarche en ligne, Téléphone;;;
GunluAlSen;DREAL;;MINISTERE TRANSITION ECOLOGIQUE;Direction régional de l'Environnement, de l'Aménagement du territoire et du Logement (DREAL);MTE-MCTRCT;Région;Accueil, Téléphone, E-mail, Courrier, Courrier;;;
TSraVpUfp2;DSDEN;;DSDEN;Direction des services départementaux de l'Education nationale (DSDEN);Rectorat;Département;Téléphone, E-mail, Courrier, Courrier;;;
xbX82bK2Ua;DSNJ;;Service national;Direction du Service national et de la Jeunesse (DSNJ);;National;;;;
wYYbB0zJE3;DT POLE EMPLOI;;POLE EMPLOI;Direction Territoriale de Pôle emploi (DT);DR POLE EMPLOI;Département;Téléphone, E-mail, Courrier, Courrier, Réseaux Sociaux;;;
wmYFWFkkn4;DTC POLE EMPLOI;;POLE EMPLOI;Direction des Traitements Centralisés pôle Emploi (DTC);DR POLE EMPLOI;Région;Courrier, Courrier, Réseaux Sociaux;;;
XPvSnOu32K;DTD POLE EMPLOI;;POLE EMPLOI;Direction territoriale déléguée de Pôle emploi (DTD);DT POLE EMPLOI;Département;Téléphone, E-mail, Courrier, Courrier, Réseaux Sociaux;;;
fkFRLEj39N;Ecole;;Ecole;Ecole d'enseignement supérieur;Universités et écoles;Autre;Accueil, Téléphone, E-mail, Courrier, Démarche en ligne, Courrier, Compte ou espace personnel, Réseaux Sociaux;;;
54EmfTXkUy;Ecole nationale des douanes;;DOUANES;Ecole nationale des douanes;Direction nationale du recrutement et de la formation professionnelle DNRFP;National;Accueil, Téléphone, E-mail, Courrier, Démarche en ligne, Courrier;;;
4RWseWjX8p;Encheres-domaine.gouv.fr;;encheres-domaine.gouv.fr;encheres-domaine.gouv.fr;DGFIP;National;Démarche en ligne;encheres-domaine.gouv.fr, encheres-domaine;;
m073yi0eLS;Ensap.gouv.fr;;ensap.gouv.fr;ensap.gouv.fr ensap.gouv.fr;DGFIP;National;E-mail, Démarche en ligne, Compte ou espace personnel;;;
jm2ujgZfcr;Ensemble des collectes mobiles de l'ETS;;EFS;Etablissement Français du Sang (Collectes mobiles);ETS;Région;Accueil, Téléphone, E-mail, Courrier, Démarche en ligne, Courrier, Compte ou espace personnel;;;
IAIlkst3w6;Établissement d'enseignement supérieur;;Enseignement Culture;Établissements d'enseignement supérieur - Culture;Administration centrale du ministère de la Culture;Autre;Courrier, Démarche en ligne, Téléphone;;;
yGEa3xFxyL;Etablissement d'enseignement supérieur agricole;;Etablissement d'enseignement supérieur agricole;Etablissement d'enseignement supérieur agricole;Direction générale de l'enseignement et de la recherche au Ministère de l'agriculture et de l'alimentation;Autre;Accueil, Courrier, Démarche en ligne, E-mail, Téléphone;;;
pylxL5RMcz;Etablissement d'enseignement technique agricole;;Etablissement d'enseignement technique agricole;Etablissement d'enseignement technique agricole;Direction générale de l'enseignement et de la recherche au Ministère de l'agriculture et de l'alimentation;Autre;Accueil, Téléphone, E-mail, Courrier, Démarche en ligne, Courrier;;;
SOsDDqWYLJ;Etablissement du Service National et de la Jeunesse;;Service national;Etablissement du Service National et de la Jeunesse;DSNJ;Interrégional;;;;
Q4WhIe72kh;Etablissement Français du Sang;;EFS;Etablissement français du Sang (EFS);;National;Compte ou espace personnel, Courrier, Démarche en ligne, E-mail, Réseaux Sociaux, Téléphone;;;
0v5l2AsiqB;ETABLISSEMENT HOSPITALIER;;HÔPITAL;ETABLISSEMENT HOSPITALIER;Réseau hors réseau;National;Accueil, Téléphone, Courrier, Démarche en ligne, Courrier, Compte ou espace personnel;CHU, hopital, hôpital, hospitalier;;
AL93ATjjL5;Etablissement pénitentiaire;;EP;Etablissement pénitentiaire;Direction interrégionale des services pénitentiaires;Département;Accueil, Téléphone, E-mail, Courrier, Démarche en ligne, Courrier;;;
bBZKkSdqko;Etablissements et services;;DT;Etablissements et services de la protection judiciaire de la jeunesse;Direction interrégionale de la protection judiciaire de la jeunesse;Département;Accueil, Téléphone, E-mail, Courrier, Courrier;;;
TYP-19;Etablissements spectacle vivant;;Spectacle vivant;Etablissements spectacle vivant;Administration centrale du ministère de la Culture;Commune;Accueil, Téléphone, E-mail, Courrier, Démarche en ligne, Courrier, Compte ou espace personnel, Réseaux Sociaux;;;
y1jcPhpOe9;ETS;;EFS;Etablissement Français du Sang (Etablissements);Etablissement Français du Sang;Région;Téléphone, E-mail, Courrier, Démarche en ligne, Courrier, Compte ou espace personnel, Réseaux Sociaux;;;
fsgWlQOy6y;Fiscalité;;DOUANES;Fiscalité;Division;Département;Accueil, Téléphone, E-mail, Courrier, Courrier;;;
V083HpJ1OQ;Formulaire de contact Police Nationale;;Formulaire de contact Police Nationale;Formulaire de contact de la Police Nationale;SERVICES NUMERIQUES DE LA POLICE NATIONALE;National;Démarche en ligne, Tchat (messagerie instantanée);;;
17M7rpM9Ny;France Consulaire;;France consulaire;France Consulaire;Ministère de l’Europe et des Affaires étrangères (MEAE);International;Téléphone, E-mail, Courrier, Courrier, Compte ou espace personnel, Réseaux Sociaux;;;
tU2Jhfz7cl;France services;;France services;France services;;National;Accueil, Téléphone, E-mail, Courrier, Démarche en ligne, Courrier, Compte ou espace personnel;MSAP, France-services, PIMM's;;
wKG9SqyjhU;FranceAgriMer;;FranceAgriMer;FranceAgriMer;Ministère de l'Agriculture et de l'Alimentation;National;E-mail, Courrier, Démarche en ligne, Courrier, Compte ou espace personnel, Réseaux Sociaux;;;
JvMwOqAzG3;Franceconnect;;FranceConnect;FranceConnect;Direction interministérielle du Numérique (DINUM);National;E-mail, Démarche en ligne;france-connect, FranceConnect;https://franceconnect.gouv.fr/;
bGJidzCLXv;FranceRenov';;FranceRenov';FranceRenov';ANAH;National;Démarche en ligne, Réseaux Sociaux, Tchat (messagerie instantanée), Téléphone;faire.gouv.fr, FranceRenov, FranceRenov', francerenov;xxx;
s4rEBG9FXs;Garantie;;DOUANES;Garantie;Division;Département;Accueil, Téléphone, E-mail, Courrier, Courrier;;;
Ut59W1uUNJ;Gendarmerie Nationale;;Gendarmerie nationale;Gendarmerie nationale;;National;Accueil, Courrier, Démarche en ligne, E-mail, Patrouille, Réseaux Sociaux, Tchat (messagerie instantanée), Téléphone;;qrcode;
TYP-5;gouvernement.fr;;gouvernement.fr;gouvernement.fr;Réseau hors réseau;National;Démarche en ligne;;;
3WnFIfT78f;Groupement de gendarmerie départementale;;Gendarmerie Nationale;Groupement de gendarmerie départementale;Région de Gendarmerie;Département;Accueil, Téléphone, E-mail, Courrier, Démarche en ligne, Courrier, Réseaux Sociaux, Tchat (messagerie instantanée), Patrouille;;;
kjsGitK4GK;Guichet unique navigation GUN;;DOUANES;Guichet unique navigation (GUN);Division;Département;Accueil, Téléphone, E-mail, Courrier, Courrier;;;
TYP-21;Histovec;;Histovec;Histovec (historique du véhicule);Réseau hors réseau;National;Démarche en ligne;;;
uMoKtR0aYR;HOTEL DE POLICE;;HP;Hôtel de Police;CIRCONSCRIPTION DE SECURITE PUBLIQUE;Autre;Accueil, Téléphone, E-mail, Courrier, Courrier, Patrouille;;;
Etc7JWtHf0;I-CAD;;Identification des Carnivores Domestiques;Société d'Identification des Carnivores Domestiques  (I-CAD);Ministère de l'Agriculture et de l'Alimentation;National;Téléphone, E-mail, Courrier, Démarche en ligne, Courrier;identification chien, identification chat;;
dxZYqBf5Kw;Impôts entreprises étrangères;;Impôts entreprises étrangères;SIEE;Réseau hors réseau;National;Accueil, Téléphone, E-mail, Courrier, Démarche en ligne, Courrier, Compte ou espace personnel;;;
GD0BRfsyCj;Impots.gouv.fr;;Impots.gouv.fr;Impots.gouv.fr;DGFIP;National;Démarche en ligne, Compte ou espace personnel;;;
7uCR4DJqrg;Info Retraite;;info-retraite.fr;www.info-retraite.fr;CNAV;National;Téléphone, Courrier, Démarche en ligne, Courrier, Compte ou espace personnel;info retraite, info-retraite;;
yL5fduWBNq;Infos Douane Service IDS;;DOUANES;Infos Douane Service (IDS);Direction interrégionale DI;National;Téléphone, E-mail;info douanes;;
TYP-3;INPI - Institut National de la Propriété Industrielle;;INPI;Institut National de la Propriété Industrielle;Réseau hors réseau;National;Accueil, Compte ou espace personnel, Courrier, Démarche en ligne, E-mail, Réseaux Sociaux, Tchat (messagerie instantanée), Téléphone;;;
a2QuYIXpUJ;Inscription au registre des transports routiers;;MINISTERE TRANSITION ECOLOGIQUE;Inscription au registre des transports routiers;MTE-MCTRCT;National;Démarche en ligne, Compte ou espace personnel;;;
pOxUAi9kyD;INSEE;;INSEE;Institut national de la Statistique et des Etudes économiques (INSEE);;National;Accueil, Compte ou espace personnel, Courrier, Démarche en ligne, E-mail, Réseaux Sociaux, Tchat (messagerie instantanée), Téléphone;INSEE;;
GMPuyCs26D;Institut Français du Cheval et de l'Equitation (IFCE);;IFCE;Institut français du Cheval et de l'Equitation (IFCE);Ministère de l'Agriculture et de l'Alimentation;National;Téléphone, E-mail, Courrier, Démarche en ligne, Courrier, Compte ou espace personnel;;;
hMatPreKr0;Intérieur.gouv.fr;;intérieur.gouv.fr;intérieur.gouv.fr;Services numériques du ministère de l'Intérieur;National;Démarche en ligne;;;
8PN92Sq6HY;Journal Officiel;;Journal Officiel;Journal Officiel;Direction de l'information légale et administration publique (DILA);National;Démarche en ligne;Changement de nom, Changement de patronyme;;
mN3aF503LH;LES CROUS;;Les CROUS;Les Centres régionaux des Œuvres universitaires et scolaires (CROUS);;National;Compte ou espace personnel, Courrier, Démarche en ligne, E-mail, Réseaux Sociaux;;;
qQ49M5zvOz;Maison du don;;EFS;Etablissement Français du Sang (Maison du don);ETS;Commune;Accueil, Téléphone, E-mail, Courrier, Démarche en ligne, Courrier, Compte ou espace personnel;;;
lkEZBazCoh;Maprim'renov;;maprim'renov;maprim'renov;ANAH;National;Téléphone, E-mail, Démarche en ligne, Compte ou espace personnel, Réseaux Sociaux;maprimerenov;;
ga66kmZFdd;Maprocuration.gouv.fr;;maprocuration.gouv.fr;maprocuration.gouv.fr;Administration territoriale de l'Etat;National;Démarche en ligne;maprocuration.gouv.fr;;
TYP-30;MDPAAD;;MDPAAD;Magistrat délégué à la politique associative et à l'accès au droit (MDPAAD);SADJAV;Département;Courrier, E-mail;Magistrat, politique associative et à l'accès au droit, MDPAAD, justice;;
BgOAaeOZzq;MDPH-MDA;;Handicap - Autonomie;Maison départementale des personnes handicapées (MDPH) / de l'autonomie (MDA);Réseau hors réseau;National;Accueil, Téléphone, E-mail, Courrier, Courrier, Compte ou espace personnel;;;
h5U0m8zXcC;Mesdroitssociaux.gouv.fr;;Mes droits sociaux;mesdroitssociaux.gouv.fr;Réseau hors réseau;National;Démarche en ligne;mesdroitssociaux.gouv.fr;;
ZcVLDwmQSU;Messervices.etudiant.gouv.fr;;CROUS;Mes Services Etudiant;LES CROUS;Région;Accueil, Téléphone, E-mail, Courrier, Démarche en ligne, Courrier, Compte ou espace personnel, Réseaux Sociaux;;;
2aRCOudBxa;MI-ATE-départemental;;Préfectures;Préfectures et Administration territoriale de l'Etat - départemental;MI-ATE-régional;Département;;;;
nqYucUPVrp;MI-ATE-régional;;Préfectures;Préfectures et Administration territoriale de l'Etat - régional;Administration territoriale de l'Etat;Région;;;;
QECqoLjLgw;Ministère de l'Agriculture et de l'Alimentation;;MAA;Ministère de l'Agriculture et de l'Alimentation;;National;Téléphone, Courrier, Démarche en ligne, Courrier, Réseaux Sociaux;ministère agriculture, ministère de l'agriculture, MINISTERE DE L'AGRICULTURE;;
VJFPq2pB5L;Ministère de la Culture;;Ministère de la Culture;Ministère de la Culture;;National;Téléphone, Courrier, Démarche en ligne, Courrier, Réseaux Sociaux;;;
NzEe4v1HiP;Ministère de la Justice;;Ministère de la Justice;Ministère de la Justice;;National;Accueil, Courrier, E-mail, Téléphone;;;
TYP-20;Ministère de la Mer;;;;Réseau hors réseau;National;Accueil, Compte ou espace personnel, Courrier, Démarche en ligne, E-mail, Téléphone;démarches-plaisance.gouv.fr;;
Wj6lk50mpH;Ministère de l’Europe et des Affaires étrangères (MEAE);;MEAE;Ministère de l’Europe et des Affaires étrangères (MEAE);;International;Compte ou espace personnel, Courrier, Démarche en ligne, Réseaux Sociaux;;;
X9rcjyTQvz;Ministère du Travail, de l'Emploi et de l'Insertion;;Ministère du Travail, de l'Emploi et de l'Insertion;Ministère du Travail, de l'Emploi et de l'Insertion (MTEI);;National;Accueil, Téléphone, E-mail, Courrier, Démarche en ligne, Courrier, Réseaux Sociaux;;;
QuWk9fzVOL;Mission;;Mission;Mission de la Direction Interministerielle de la Transformation publique;DITP;National;Accueil, Téléphone, E-mail, Courrier, Démarche en ligne, Courrier, Compte ou espace personnel, Réseaux Sociaux, Visio/Video;;;
6vaqKJk6Ni;MISSION DE PREVENTION DE CONTACT ET D’ECOUTE;;MPCE;Mission de Prévention de Contact et d'Ecoute (MPCE);CIRCONSCRIPTION DE SECURITE DE PROXIMITE;Autre;Accueil, Téléphone, E-mail, Courrier, Courrier;;;
T31FW8AZv5;Moncommissariat.fr;;moncommissariat.fr;moncommissariat.fr;SERVICES NUMERIQUES DE LA POLICE NATIONALE;National;Courrier, Démarche en ligne, E-mail, Patrouille, Réseaux Sociaux, Tchat (messagerie instantanée), Téléphone;;moncommissariat;
okX1vJfrUh;monprojetanah;;ANAH;monprojetanah;ANAH;National;Téléphone, E-mail, Démarche en ligne, Compte ou espace personnel, Réseaux Sociaux;;;
TYP-17;Monuments nationaux;;Monuments;Monuments Nationaux;Administration centrale du ministère de la Culture;Commune;Accueil, Téléphone, E-mail, Courrier, Démarche en ligne, Courrier, Compte ou espace personnel, Réseaux Sociaux;;;
Sc770BotI6;MSA;;MSA;Mutualité sociale agricole (MSA);CCMSA;Région;Accueil, Téléphone, E-mail, Courrier, Démarche en ligne, Courrier, Compte ou espace personnel;agricole, exploitant-agricole, MSA, Mutualité-sociale-agricole, salarié-agricole, agriculteur;MSA_siteLanguedoc, MSA_push, MSA_pull;Affiliation des exploitants, MSA - Retraite, Prestations familiales
XMNOLIvNpE;MTE-MCTRCT;;MINISTERE TRANSITION ECOLOGIQUE;Ministère de la Transition écologique et solidaire (MTES);;National;Accueil, Courrier, Démarche en ligne, E-mail, Téléphone;Ministère-de-la-Transition-écologique-et-solidaire, ministère-écologie, ministère-transports, ministère-cohésion;;prime conversion, prime à la conversion
Iu7HakUZFS;Musée national des douanes;;DOUANES;Musée national des douanes;Direction interrégionale DI;National;Accueil, Téléphone, E-mail, Courrier, Courrier, Visio/Video;;;
N225n44qvK;Musées nationaux et assimilés;;Musées;Musées nationaux et assimilés;Administration centrale du ministère de la Culture;Commune;Accueil, Courrier, Démarche en ligne, E-mail, Réseaux Sociaux, Téléphone;;;
tQt3qTfE28;Numéro d’assistance des particuliers;;IMPÔTS -  0809 401 401;Numéro d'assistance des particuliers - 0809 401 401;DGFIP;National;Téléphone;;809 401;
bzkw30vlbr;Numéro vert covid;;Numéro vert covid;Numéro vert covid;Réseau hors réseau;National;Téléphone;;;
TYP-27;Office français de protection des réfugiés et apatrides (OFPRA);;Office français de protection des réfugiés et apatrides (OFPRA);Office français de protection des réfugiés et apatrides (OFPRA);;National;Accueil, Compte ou espace personnel, Courrier, Démarche en ligne, E-mail, Téléphone;;;
uu2r632tgc;OFFICIER DU MINISTERE PUBLIC;;OMP;Officier du Ministère public (OMP);DIRECTION TERRITORIALE DE SECURITE DE PROXIMITE;Département;Accueil, Téléphone, E-mail, Courrier, Courrier;;;
X5hmnG3roU;OFII;;OFII;Office français de l’immigration et de l’intégration (ex ANAEM), réseau local;Réseau hors réseau;National;Accueil, Compte ou espace personnel, Courrier, Démarche en ligne, E-mail, Réseaux Sociaux, Tchat (messagerie instantanée), Téléphone, Visio/Video;;;
uFQ1I13Tez;ONACVG;;Anciens combattants - ONAC;Direction générale de l’Office national des Anciens Combattants et Victimes de Guerre (ONACVG);;National;Accueil, Courrier, Démarche en ligne, E-mail, Téléphone;;;
ZSJLEE6duC;Onf;;ONF;Direction régionale de l’Office national des forêts (ONF);MTE-MCTRCT;National;Compte ou espace personnel, Courrier, Démarche en ligne, E-mail, Téléphone;;;
2NEeVwoykc;OPCO;;OPCO;Opérateur de compétences (OPCO);Ministère du Travail, de l'Emploi et de l'Insertion;National;Téléphone, E-mail, Démarche en ligne;;;
RhbdmuA7UT;Opération tranquillité vacances (OTV);;Opération tranquillité vacances (OTV);Opération tranquillité vacances (OTV);SERVICES NUMERIQUES DE LA POLICE NATIONALE;National;Démarche en ligne;;;
twMONL9uXp;Oups.gouv.fr;;oups.gouv.fr;oups.gouv.fr;Mission;National;Démarche en ligne;;;
6We5nF4nyz;Paierie départementale;;Finances locales;Paierie départementale;DIR DEPT FINANCES PUBLIQUES;Département;Accueil, Téléphone, E-mail, Courrier, Courrier, Visio/Video;;;
w2gfd3F733;Paierie régionale;;Finances locales;Paierie régionale;DIR REGION FINANCES PUBLIQUES;Région;Accueil, Téléphone, E-mail, Courrier, Courrier, Visio/Video;;;
TYP-18;Pass Culture;;Pass Culture;Pass Culture;Administration centrale du ministère de la Culture;National;Téléphone, E-mail, Courrier, Démarche en ligne, Courrier, Compte ou espace personnel, Réseaux Sociaux, Tchat (messagerie instantanée);;;
8mOQtiANCE;PayFip.gouv.fr;;PayFip.gouv.fr;PayFip.gouv.fr;DGFIP;National;Démarche en ligne;;;
ARovVA6I9H;PFP POLE EMPLOI;;POLE EMPLOI;Plateforme De Production Pôle emploi (DTC);DT POLE EMPLOI;Région;Courrier, Courrier, Réseaux Sociaux;;;
S1ogNEQU2g;PHAROS;;PHAROS;PHAROS;SERVICES NUMERIQUES DE LA POLICE NATIONALE;National;Démarche en ligne;info escroqueries;;
TYP-6;Plateforme Téléphonique CROUS;;CROUS;Plate forme téléphonique Centre Régional des Œuvres Universitaires et Scolaires;LES CROUS;Interrégional;Téléphone;Service téléphonique du CROUS, service téléphonique CROUS, Service téléphonique CROUS;;
L5MyautzKB;Point-justice (AJ);;Point justice;Point justice (Antenne de justice );Conseils départementaux de l'accès au droit;Commune;Accueil, Téléphone, E-mail, Courrier, Courrier;;;
t0a9KRQzbb;Point-justice (MJD);;Point justice;Point justice (maison de justice et du droit);Conseils départementaux de l'accès au droit;Commune;Accueil, Téléphone, E-mail, Courrier, Courrier;;;
2T2aoEDwaf;Point-justice (PAD);;Point justice;Point justice (point d'accès au droit);Conseils départementaux de l'accès au droit;Commune;Accueil, Téléphone, E-mail, Courrier, Courrier;;;
iVm3CItBMy;Point-justice (RAD);;Point justice;Point justice (relai d'accès au droit);Conseils départementaux de l'accès au droit;Commune;Accueil, Téléphone, E-mail, Courrier, Courrier;;;
AstBwzqU8r;Pôle d'action économique PAE;;DOUANES;Pôle d'action économique (PAE);Direction régionale DR;Région;Accueil, Téléphone, E-mail, Courrier, Courrier, Visio/Video;;;
d0eTRUbJ6q;Pôle d'orientation des contrôles POC;;DOUANES;Pôle d'orientation des contrôles (POC);Direction régionale DR;Région;Accueil, Téléphone, E-mail, Courrier, Courrier;;;
xDeJKNup94;Pôle de recouvrement spécialisé;;IMPÔTS;Pôle de recouvrement spécialisé;DIR DEPT FINANCES PUBLIQUES;Commune;Accueil, Téléphone, E-mail, Courrier, Courrier, Visio/Video;;;
5Zc2vucN2E;POLE EMPLOI;;POLE EMPLOI;Pôle emploi;;National;Téléphone, E-mail, Courrier, Courrier, Réseaux Sociaux;;;
yzArEuTz8T;Pôle logistique et informatique PLI;;DOUANES;Pôle logistique et informatique (PLI);Direction interrégionale DI;Interrégional;Accueil, Téléphone, E-mail, Courrier, Courrier;;;
4MdAINdXrb;Police Municipale;;Police Municipale;Police Municipale;Réseau hors réseau;National;Accueil, Téléphone, E-mail, Courrier, Courrier, Patrouille;police municipale;;
1Yj4tXPchX;POLICE NATIONALE;;POLICE NATIONALE;Police nationale;;National;;;;
MxPyUTUfAd;Portail de l'Alternance;;Portail de l'Alternance;Portail de l'Alternance;Ministère du Travail, de l'Emploi et de l'Insertion;National;Téléphone, Compte ou espace personnel;portail de l'alternance;;
k1cgRqnMs6;Portails en ligne;;Démarches culture;Portail des démarches en ligne du Ministère de la Culture;Administration centrale du ministère de la Culture;National;Courrier, Démarche en ligne, Téléphone;;;
z7iAhNYhGv;Pré-plainte en ligne (PPEL);;PPEL;Pré-plainte en ligne;SERVICES NUMERIQUES DE LA POLICE NATIONALE;National;Démarche en ligne;;;
YHiVkxV0t1;Préfecture;;préf;Préfectures;MI-ATE-départemental;Département;Accueil, Téléphone, E-mail, Courrier, Démarche en ligne, Courrier, Réseaux Sociaux;Préfecture, prefecture;Pref30_accueil, Pref30_étranger, Pref30_push, Pref34_accueil, Pref34_push;Demandes d'asile, Titres de séjour pour les étrangers, Echanges de permis étranger, Naturalisation, Association, Point numérique, Elections (inscription sur les listes électorales,  vote,  organisation...), Demandes d'information sur les titres d'identité en préfecture, Demande d'information sur l'immatriculation de ma voiture ou mon permis, Demande/renouvellement de titres de séjour
w5fAHubHMb;PREFECTURE DE POLICE DE PARIS;;PPOL;Préfecture de Police de Paris;POLICE NATIONALE;National;Accueil, Courrier, Démarche en ligne, E-mail, Réseaux Sociaux, Téléphone;;;
4AJ05zF0MK;Prime à la conversion;;prime à la conversion;Prime à la conversion;DGEC;National;Téléphone, E-mail, Courrier, Démarche en ligne, Courrier, Compte ou espace personnel, Réseaux Sociaux;prime-à-la-conversion, prime-conversion, prime-à-la-casse;pac_push, pac_pull;
AJNUMzfpYb;Raffinerie;;DOUANES;Raffinerie;Division;Département;Téléphone, E-mail, Courrier, Courrier;;;
wdzUHLLUEl;RAFP;;RAFP- retraite additionnelle;RAFP (retraite additionnelle de la fonction publique);Réseau hors réseau;National;Téléphone, E-mail, Courrier, Démarche en ligne, Courrier;RAFP;;
sTpwXDCRsu;Recette interrégionale RI;;DOUANES;Recette interrégionale (RI);Direction interrégionale DI;Interrégional;Téléphone, E-mail, Courrier, Courrier, Visio/Video;;;
Oo38xukBKy;Recette régionale RR;;DOUANES;Recette régionale (RR);Direction régionale DR;Région;Téléphone, E-mail, Courrier, Courrier;;;
0TVxFwrKFG;Recrutement et formation professionnelle;;DOUANES;Recrutement et formation professionnelle;Direction interrégionale DI;Interrégional;Accueil, Téléphone, E-mail, Courrier, Courrier, Visio/Video;;;
H270f3jMNK;Rectorat;;Rectorat;Rectorat;Réseau des rectorats et DSDEN;Autre;Téléphone, E-mail, Courrier, Démarche en ligne, Courrier;;rectorat_34, rectorat34_site;
fDQDSF3bXc;Referendum.interieur.gouv.fr;;Référendum d'initiative partagée;site référendum d'initiative partagée;Administration territoriale de l'Etat;National;;Référendum-d'initiative-partagée, referendum-initiative;https://www.referendum.interieur.gouv.fr;
xQJbnFE2yu;Région de Gendarmerie;;Gendarmerie Nationale;Gendarmerie Nationale (Région);Gendarmerie Nationale;Région;Accueil, Téléphone, E-mail, Courrier, Démarche en ligne, Courrier, Réseaux Sociaux, Tchat (messagerie instantanée), Patrouille;gendarmerie, brigade;bnum_et_gendarmerie, Gendarmerie30_Facebook, Gendarmerie-34_Facebook, Gendarmerie-34-_Twitter, gendarmerie_qrcode;
XYFK9sAmx2;ReponseConso;;ReponseConso;Réponse aux consommateurs;DGCCRF;National;E-mail, Courrier, Courrier;;;
1Sl4alf1jf;Réseau consulaire;;Réseau consulaire;Réseau consulaire;Ministère de l’Europe et des Affaires étrangères (MEAE);International;Accueil, Téléphone, E-mail, Courrier, Démarche en ligne, Courrier, Réseaux Sociaux;consulat, français-de-l'étranger, j'habite-à-l'étranger, je-réside-à-l'étranger;;
YazT0jhbMC;Réseau des rectorats et DSDEN;;Réseau des rectorats et DSDEN;Réseau des rectorats et des Direction des services départementaux de l'Education nationale (DSDEN);;National;Accueil, Compte ou espace personnel, Courrier, Démarche en ligne, E-mail, Téléphone;;;
QslCAQcOSQ;Réseau hors réseau;;Autres services publics;Autres services publics;;National;;;;
mBWmEPPWkq;Retraitesdeletat.gouv.fr;;retraitesdeletat.gouv.fr;retraitesdeletat.gouv.fr;DGFIP;National;Démarche en ligne, Compte ou espace personnel;;;
ZZLuAmwIAD;SADJAV;;SADJAV;Service de l'accès au droit et à la justice et de l'aide aux victimes (SADJAV);Ministère de la Justice;National;Accueil, Courrier, E-mail, Téléphone;;;
9oqPJjD8ak;Secrétariat général commun;;SGC;Secrétariat général commun;MI-ATE-départemental;Département;Accueil, Téléphone, E-mail, Courrier, Démarche en ligne, Courrier, Réseaux Sociaux;;;
XuotMZ3blW;Service Central d'Etat Civil;;SCEC;Service central d'Etat civil (SCEC);Ministère de l’Europe et des Affaires étrangères (MEAE);International;Téléphone, E-mail, Courrier, Démarche en ligne, Courrier, Compte ou espace personnel, Réseaux Sociaux;;;"service centrat etat-civil;né à l'étranger; née à l'étranger"
TYP-24;Service central de l'université;;Service universitaire;Service central de l'université;Université;Commune;Accueil, Téléphone, E-mail, Courrier, Courrier;;;
hoDsbIgOFH;Service de gestion comptable;;Finances locales;Service de gestion comptable (SGC);DIR DEPT FINANCES PUBLIQUES;Commune;Accueil, Téléphone, E-mail, Courrier, Courrier, Visio/Video;;;
NLT51M5MSb;SERVICE DE L’ACCUEIL ET DE L’INVESTIGATION DE PROXIMITE;;SAIP;Service de l'Accueil et de l'Investigation de Proximité (SAIP);CIRCONSCRIPTION DE SECURITE DE PROXIMITE;Autre;Accueil, Téléphone, E-mail, Courrier, Courrier;;;
r5WRamUBto;Service de publicité foncière;;Publicité Foncière;Service de publicité foncière (SPF);DIR DEPT FINANCES PUBLIQUES;Commune;Accueil, Téléphone, E-mail, Courrier, Courrier;;;
R77pmyttcD;SERVICE DEPARTEMENTAL CLR;;Anciens combatants - ONAC;Service départemental de l'Office national des anciens combattants et victimes de guerre  (ONACVG);ONACVG;Région;Accueil, Téléphone, E-mail, Courrier, Démarche en ligne, Courrier;;;
fqyiNR6zOl;Service départemental de l'enregistrement;;Enregistrement (donations, successions…);Service départemental de l'enregistrement (SDE);DIR DEPT FINANCES PUBLIQUES;Département;Accueil, Téléphone, E-mail, Courrier, Courrier, Visio/Video;publicité-foncière, certificat-de-non-exigibilité-des-droits-de-mutation, certificat-de-non-exigibilité;;
Fwb9E6sHH6;Service des autorisations de mouvements internationaux d'armes SAMIA;;DOUANES;Service des autorisations de mouvements internationaux d'armes (SAMIA);DGDDI;National;Téléphone, E-mail, Courrier, Courrier;;;
nmQnZqZpC8;Service des Impôts des entreprises;;Service des Impôts des entreprises;Service des impôts des entreprises (SIE);DIR DEPT FINANCES PUBLIQUES;Commune;Accueil, Téléphone, E-mail, Courrier, Démarche en ligne, Courrier, Compte ou espace personnel;;xxx;compte professionnel, compte fiscal professionnel
Z2Rv0ibiPX;Service des Impôts des particuliers;;IMPÔTS;Service des Impôts des particuliers (SIP);DIR DEPT FINANCES PUBLIQUES;Commune;Accueil, Téléphone, E-mail, Courrier, Démarche en ligne, Courrier, Compte ou espace personnel, Visio/Video;impôt, taxe d'habitation, impôts, sip, centre des impôts;xxx;
GtZCJrltFs;Service des Impôts des particuliers et des entreprises;;IMPÔTS;Service des Impôts des particuliers et des entreprises (SIP-SIE);DIR DEPT FINANCES PUBLIQUES;Commune;Accueil, Téléphone, E-mail, Courrier, Courrier, Visio/Video;;;
RF5Ir7qm0O;Service en ligne Perceval;;Gendarmerie Nationale;Signalement fraude carte bancaire - service en ligne Perceval;Gendarmerie Nationale;National;E-mail, Démarche en ligne;perceval, fraude-cb;t;fraude carte bancaire, signalement fraude carte
tb9E9hNKJV;Service Formation et Développement;;SFD;Service Formation et Développement;Direction générale de l'enseignement et de la recherche au Ministère de l'agriculture et de l'alimentation;Autre;Accueil, Téléphone, E-mail, Courrier, Démarche en ligne, Courrier;;;
04pVOz8h3q;Service grands comptes SGC;;DOUANES;Service grands comptes (SGC);Direction interrégionale DI;National;Accueil, Téléphone, E-mail, Courrier, Courrier, Visio/Video;;;
ZcwfeqtiWE;Service national de l’enregistrement;;Enregistrement;Service national de l’enregistrement;DGFIP;National;Téléphone, E-mail;;;
ApO7r69EyS;Service national des réglementations particulieres SNRP;;DOUANES;Service national des Réglementations Particulieres (SNRP);Direction régionale DR;Région;Accueil, Téléphone, E-mail, Courrier, Courrier, Visio/Video;;;
qlUM485UOv;Service national douanier de remboursement et de délivrance de RTC SND2R;;DOUANES;Service national douanier de remboursement et de délivrance de RTC (SND2R);Direction interrégionale DI;National;Téléphone, E-mail, Courrier, Courrier;;;
z04vq9Gs4F;Service Régional Formation et Développement;;SRFD;Service Régional Formation et Développement (SRFD);Direction générale de l'enseignement et de la recherche au Ministère de l'agriculture et de l'alimentation;Région;Accueil, Téléphone, E-mail, Courrier, Démarche en ligne, Courrier;;;
3vQBNLgmFs;Service spécialisé à compétence nationale - URSSAF;;URSSAF;Service spécialisé à compétence nationale de l'URSSAF (Union de recouvrement des cotisations de Sécurité sociale et d'allocations familiales);Caisse régionale URSSAF;National;Téléphone, E-mail, Courrier, Démarche en ligne, Courrier, Compte ou espace personnel, Réseaux Sociaux;;;
bGUv8bpo5i;Service-public.fr;;service-public.fr;www.service-public.fr;Direction de l'information légale et administration publique (DILA);National;E-mail, Courrier, Démarche en ligne, Courrier, Compte ou espace personnel;service-public.fr, servicepublic.fr;servicepub_pull;changement d'adresse en ligne
TYP-7;Services de  documentation des universités et écoles de l'enseignement supérieur;;services de documentation;Bibliothèques universitaires et services de documentation;Universités et écoles;Autre;;;;
iYN00KJZtT;Services du Premier Ministre;;Services du Premier Ministre;Services du Premier Ministre;Réseau hors réseau;National;Accueil, Téléphone;Services du Premier Ministre;;
n1lTlh0hJ3;SERVICES NUMERIQUES DE LA POLICE NATIONALE;;TOUS TELESERVICES;Téléservices de la Police nationale;POLICE NATIONALE;National;Démarche en ligne, E-mail, Tchat (messagerie instantanée);;;
cPXPmGz8jD;Services numériques du ministère de l'Intérieur;;Services numériques du ministère de l'Intérieur;Services numériques du ministère de l'Intérieur;Réseau hors réseau;National;Téléphone, Courrier, Courrier;;;
JzKyi53hJk;Services Publics +;;Services Publics +;Services Publics +;Mission;National;Démarche en ligne, E-mail;vox, voxusagers, voxusager, vox-usager, Services Publics +, Services Publics Plus;vox;Design UX du site, Processus raconter, Processus consulter, Compréhension promesse usager, Réponse à l'histoire, Action d'amélioration, Navigation sur le site, Retour sur une histoire posté
TYP-14;SG;;Secrétation général MTE;Secrétariat général;MTE-MCTRCT;National;;;;
mBGvA9sahQ;SignalConso;;SignalConso;Signalements des consommateurs;DGCCRF;National;Courrier, Démarche en ligne, E-mail;;;
HcLQOMOxjP;Signalement.gouv;;Signalement.gouv;internet-signalement.gouv.fr;Services numériques du ministère de l'Intérieur;National;Démarche en ligne;;;
gnE7pn767e;Signalements discriminations et cyber-harcèlement;;Signalements discriminations et cyber-harcèlement;Signalements discriminations et cyber-harcèlement;SERVICES NUMERIQUES DE LA POLICE NATIONALE;National;Démarche en ligne;;;
IM1DFEetIF;Signalements STUPS;;Signalements STUPS;Signalements des traffics de drogue;SERVICES NUMERIQUES DE LA POLICE NATIONALE;National;Démarche en ligne;;;
CbLfT7GZLD;Signalements violences sexuelles et sexistes (VSS);;VSS;Signalements violences sexuelles et sexistes;SERVICES NUMERIQUES DE LA POLICE NATIONALE;National;Démarche en ligne;;;
r6VmbNcbUq;Site de démarches en ligne du MAA;;MesDémarches;MesDémarches.agriculture.gouv.fr;Ministère de l'Agriculture et de l'Alimentation;National;E-mail, Démarche en ligne;;;
jLIK1Fnc9I;SOUS DIRECTION DES SERVICES SPECIALISES;;SDSS;Sous-Direction des Services spécialisés (SDSS);DIRECTION DE LA SECURITE DE PROXIMITE DE L’AGGLOMERATION PARISIENNE;Région;;;;
xogyjQgJ75;SOUS DIRECTION REGIONALE DE LA POLICE DES TRANSPORTS;;SDRPT;Sous-direction régionale de la Police des Transports (SDRPT)US DIRECTION REGIONALE DE LA POLICE DES TRANSPORTS;DIRECTION DE LA SECURITE DE PROXIMITE DE L’AGGLOMERATION PARISIENNE;Région;Téléphone;;;
EgRP81y9OZ;Sous-direction;;DOUANES;Sous-direction des Douanes;DGDDI;National;Accueil, Téléphone, E-mail, Courrier, Démarche en ligne, Courrier, Visio/Video;;;
cUuTE3xqJ2;stationnement.gouv.fr;;stationnement.gouv.fr;stationnement.gouv.fr stationnement.gouv.fr;DGFIP;National;Démarche en ligne;;;
fTXdiFa4jh;Stop-djihadisme;;Stop-djihadisme;Stop-djihadisme;SERVICES NUMERIQUES DE LA POLICE NATIONALE;National;Démarche en ligne;;;
rOVlkUEZBP;Structure France services;;France services;France services (Structure locale);France services;Commune;Accueil, Téléphone, E-mail, Courrier, Démarche en ligne, Courrier, Visio/Video;;;
ZipM85N39d;TA;;Tribunal Administratif;Tribunal Administratif;Réseau hors réseau;National;Accueil, Téléphone, Courrier, Courrier, Compte ou espace personnel;;;
rmwSehtniY;Telepac;;Telepac;Telepac;Agence de services et de paiement (ASP);National;Accueil, Téléphone, E-mail, Courrier, Démarche en ligne, Courrier, Compte ou espace personnel, Réseaux Sociaux;;;
lb1cDEUGZd;Télépoint;;Télépoint;tele7.interieur.gouv.fr;ANTS;National;Démarche en ligne;;;
7J046vB5js;THESEE;;THESEE;Traitement harmonisé des enquêtes et des signalements pour les e-escroqueries (THESEE);SERVICES NUMERIQUES DE LA POLICE NATIONALE;National;Démarche en ligne;;;
Sh9Kvi51dQ;Timbres.impots.gouv.fr;;timbres.impots.gouv.fr;timbres.impots.gouv.fr;DGFIP;National;Démarche en ligne;;;
8FFUNcrZMC;Tous Anti Covid;;Tous Anti Covid;Application Tous Anti Covid;Réseau hors réseau;National;Démarche en ligne, E-mail, Téléphone;;;
DBTKPR9uNc;Trésorerie;;IMPÔTS;Trésorerie;DIR DEPT FINANCES PUBLIQUES;Commune;Accueil, Courrier, E-mail, Téléphone, Visio/Video;trésorerie;;
en8SaNzvs3;Trésorerie amendes;;Trésorerie;Trésorerie amendes;DIR DEPT FINANCES PUBLIQUES;Commune;Accueil, Téléphone, E-mail, Courrier, Courrier, Visio/Video;;;
FvGEmcklvi;Trésorerie hospitalière;;Trésorerie;Trésorerie hospitalière;DIR DEPT FINANCES PUBLIQUES;Commune;Accueil, Téléphone, E-mail, Courrier, Courrier, Visio/Video;;;
dIAj2cBnAP;Trésorerie mixte;;Trésorerie;Trésorerie mixte;DIR DEPT FINANCES PUBLIQUES;Commune;Accueil, Téléphone, E-mail, Courrier, Courrier, Visio/Video;;;
q8xbkrcuDO;Trésorerie spécialisée;;Finances locales;Trésorerie spécialisée;DIR DEPT FINANCES PUBLIQUES;Commune;Accueil, Téléphone, E-mail, Courrier, Courrier, Visio/Video;;;
qQv7N6IgTI;Tribunal Commerce;;Tribunal de commerce;Tribunal de commerce;Réseau hors réseau;National;Accueil, Téléphone, E-mail, Courrier, Démarche en ligne, Courrier, Compte ou espace personnel;;;
muX5pCbbMZ;TRIBUNAL DE PROXIMITE;;TPRX;Tribunal de proximité (TPRX);TRIBUNAL JUDICIAIRE;Département;Accueil, Téléphone, E-mail, Courrier, Courrier;;;
rpTeVdzPSK;TRIBUNAL JUDICIAIRE;;TJ;Tribunal judiciaire (TJ);COUR D'APPEL;Département;Accueil, Téléphone, E-mail, Courrier, Courrier;;;
TYP-1;Typologie d'init;;;;;Autre;;;;
FYK538SqyC;UNITE DE POLICE ADMINISTRATIVE;;UPA;Unité de Police administrative (UPA);CIRCONSCRIPTION DE SECURITE DE PROXIMITE;Commune;Accueil, Téléphone, E-mail, Courrier, Courrier;;;
dx1qoIpGNI;Unité Numérique;;Gendarmerie Nationale;magendarmerie.fr;Gendarmerie Nationale;National;Accueil, Courrier, Démarche en ligne, E-mail, Patrouille, Réseaux Sociaux, Tchat (messagerie instantanée), Téléphone;magendarmerie.fr, ma gendarmerie;brigade-numérique, bnum_et_gendarmerie, bnum_contact_form, gendarmerie_30_facebook, gendarmerie_34_facebook, gendarmerie_34_twitter, brigade_numerique, qrcode;
suAZPpXPHb;Université;;Université;Université;Universités et écoles;Autre;Accueil, Téléphone, E-mail, Courrier, Démarche en ligne, Courrier, Compte ou espace personnel, Réseaux Sociaux;Université de Toulouse;;
M3ocfUDSw4;Universités et écoles;;Ministère de l'Enseignement Supérieur, de la Recherche et de l'Innovation (MESRI);Ministère de l'Enseignement Supérieur, de la Recherche et de l'Innovation (MESRI);;National;Accueil, Téléphone, E-mail, Courrier, Démarche en ligne, Courrier, Compte ou espace personnel, Réseaux Sociaux;;;
TYP-29;Urgence 114;;Urgence 114;Urgence 114 - Appel d'urgence pour sourds et malentendants;;National;Téléphone;;;
Qmkkn0Olw6;URSSAF;;URSSAF;Union de recouvrement des cotisations de Sécurité sociale et d'allocations familiales (URSSAF);;National;Téléphone, E-mail, Démarche en ligne, Compte ou espace personnel, Réseaux Sociaux;;MaCleDeTracking;
IEK7sJMSDD;Ville - Commune;;Ville - Commune;Ville - Commune;Collectivités territoriales - Communes;National;Accueil, Téléphone, E-mail, Courrier, Démarche en ligne, Courrier, Compte ou espace personnel;;havre_actu1, havre_actu2, havre_pied;
ykAh5vKcjV;Viticulture et contributions indirectes;;DOUANES;Viticulture et contributions indirectes;Division;Département;Accueil, Téléphone, E-mail, Courrier, Courrier;;;
n4ehGhXm3A;Www.guichet-entreprises.fr;;guichet-entreprises.fr;Guichet-entreprises.fr;Réseau hors réseau;National;Démarche en ligne;guichet-entreprises.fr;;création entreprise
